"contrast","cellline","condition","estimate","SE","df","t.ratio","p.value","lipid","p_adj"
"time0 - time12","HCC1143","Control",-0.200000000000125,0.447693637352167,53.0411025088342,-0.446734068375423,0.969972069113589,"X11_12_DiHETrE",1
"time0 - time18","HCC1143","Control",-0.298547999111749,0.477762279352034,55.6183497650737,-0.624888175593636,0.923653778746757,"X11_12_DiHETrE",1
"time0 - time22","HCC1143","Control",0.227665984209665,0.447693637352166,53.0411025088338,0.508530756783075,0.956707956602525,"X11_12_DiHETrE",1
"time12 - time18","HCC1143","Control",-0.0985479991116247,0.477762279352033,55.6183497650739,-0.206269945055689,0.996858675284413,"X11_12_DiHETrE",1
"time12 - time22","HCC1143","Control",0.427665984209789,0.447693637352166,53.0411025088349,0.9552648251585,0.775155092559344,"X11_12_DiHETrE",1
"time18 - time22","HCC1143","Control",0.526213983321414,0.477762279352033,55.6183497650737,1.10141383291099,0.690157600717968,"X11_12_DiHETrE",1
"time0 - time12","HCC38","Control",0.340259548105652,0.447693637352166,53.0411025088349,0.760027661143632,0.8719567055913,"X11_12_DiHETrE",1
"time0 - time18","HCC38","Control",-0.528771237954933,0.447693637352166,53.0411025088349,-1.18110063185685,0.641308021871358,"X11_12_DiHETrE",1
"time0 - time22","HCC38","Control",-0.328771237954934,0.447693637352166,53.0411025088349,-0.734366563481703,0.882824510734779,"X11_12_DiHETrE",1
"time12 - time18","HCC38","Control",-0.869030786060585,0.447693637352166,53.0411025088349,-1.94112829300048,0.22357787231523,"X11_12_DiHETrE",0.526557231994748
"time12 - time22","HCC38","Control",-0.669030786060586,0.447693637352165,53.0411025088349,-1.49439422462534,0.448025197773063,"X11_12_DiHETrE",0.830164337050087
"time18 - time22","HCC38","Control",0.2,0.447693637352166,53.0411025088349,0.446734068375145,0.969972069113642,"X11_12_DiHETrE",1
"time0 - time12","HCC1143","Migration",-0.176482281508931,0.408686506715531,53.0411025088347,-0.431828011468392,0.972740374929641,"X11_12_DiHETrE",1
"time0 - time18","HCC1143","Migration",-0.113011984185437,0.408686506715531,53.0411025088349,-0.27652487255739,0.99252749328223,"X11_12_DiHETrE",1
"time0 - time22","HCC1143","Migration",-0.0340234527967033,0.408686506715531,53.0411025088351,-0.0832507367814459,0.999790423733653,"X11_12_DiHETrE",1
"time12 - time18","HCC1143","Migration",0.0634702973234942,0.408686506715531,53.0411025088349,0.155303138911002,0.998648656986122,"X11_12_DiHETrE",1
"time12 - time22","HCC1143","Migration",0.142458828712228,0.408686506715531,53.0411025088349,0.348577274686946,0.985294189390501,"X11_12_DiHETrE",1
"time18 - time22","HCC1143","Migration",0.0789885313887339,0.408686506715531,53.0411025088349,0.193274135775944,0.997408950201587,"X11_12_DiHETrE",1
"time0 - time12","HCC38","Migration",-0.565457620005246,0.408686506715531,53.0411025088349,-1.3835974780514,0.515046688956666,"X11_12_DiHETrE",1
"time0 - time18","HCC38","Migration",-0.291481588376123,0.408686506715531,53.0411025088347,-0.713215590890577,0.891419423044214,"X11_12_DiHETrE",1
"time0 - time22","HCC38","Migration",-0.458148255042791,0.408686506715531,53.0411025088349,-1.12102613498245,0.678309082019052,"X11_12_DiHETrE",1
"time12 - time18","HCC38","Migration",0.273976031629123,0.408686506715531,53.0411025088351,0.670381887160825,0.907793097759038,"X11_12_DiHETrE",1
"time12 - time22","HCC38","Migration",0.107309364962455,0.408686506715531,53.0411025088349,0.262571343068953,0.993583614288829,"X11_12_DiHETrE",1
"time18 - time22","HCC38","Migration",-0.166666666666667,0.408686506715531,53.0411025088345,-0.407810544091872,0.976859614144563,"X11_12_DiHETrE",1
"time0 - time12","HCC1143","Control",-0.159216775836932,0.495475355139249,53.0448061948798,-0.321341463678219,0.988396330520865,"X12_13_DiHODE",1
"time0 - time18","HCC1143","Control",-0.0275739167603562,0.528436150298575,55.7081125860148,-0.0521802241288308,0.999948342469681,"X12_13_DiHODE",1
"time0 - time22","HCC1143","Control",1.49771388873504,0.495475355139249,53.0448061948793,3.02278180579562,0.0195424790064425,"X12_13_DiHODE",0.0849087018900603
"time12 - time18","HCC1143","Control",0.131642859076575,0.528436150298574,55.7081125860154,0.24911781490005,0.994508645449044,"X12_13_DiHODE",1
"time12 - time22","HCC1143","Control",1.65693066457198,0.495475355139248,53.0448061948798,3.34412326947384,0.00803885741733479,"X12_13_DiHODE",0.0375146679475623
"time18 - time22","HCC1143","Control",1.5252878054954,0.528436150298574,55.7081125860152,2.88641835845937,0.0275500864002965,"X12_13_DiHODE",0.111977770530238
"time0 - time12","HCC38","Control",-0.247271118727503,0.495475355139248,53.0448061948791,-0.499058361153019,0.958931370361944,"X12_13_DiHODE",1
"time0 - time18","HCC38","Control",-0.218860297271219,0.495475355139248,53.0448061948793,-0.441717827135339,0.970922024067099,"X12_13_DiHODE",1
"time0 - time22","HCC38","Control",-0.292110742615014,0.495475355139248,53.0448061948795,-0.589556553287941,0.934808333849863,"X12_13_DiHODE",1
"time12 - time18","HCC38","Control",0.0284108214562844,0.495475355139248,53.0448061948793,0.0573405340176806,0.999931421321604,"X12_13_DiHODE",1
"time12 - time22","HCC38","Control",-0.0448396238875105,0.495475355139248,53.0448061948793,-0.0904981921349224,0.999730920490886,"X12_13_DiHODE",1
"time18 - time22","HCC38","Control",-0.073250445343795,0.495475355139248,53.0448061948795,-0.147838726152603,0.998833250628087,"X12_13_DiHODE",1
"time0 - time12","HCC1143","Migration",0.0804798524273096,0.452305047829415,53.0448061948795,0.177932686830553,0.99797372764035,"X12_13_DiHODE",1
"time0 - time18","HCC1143","Migration",0.0630091240567027,0.452305047829415,53.0448061948796,0.139306700995445,0.999022876098547,"X12_13_DiHODE",1
"time0 - time22","HCC1143","Migration",0.0276594854638086,0.452305047829416,53.0448061948798,0.0611522811795817,0.999916830477525,"X12_13_DiHODE",1
"time12 - time18","HCC1143","Migration",-0.0174707283706069,0.452305047829415,53.0448061948795,-0.0386259858351081,0.999979022602803,"X12_13_DiHODE",1
"time12 - time22","HCC1143","Migration",-0.052820366963501,0.452305047829416,53.0448061948795,-0.116780405650971,0.999423054883287,"X12_13_DiHODE",1
"time18 - time22","HCC1143","Migration",-0.0353496385928941,0.452305047829416,53.0448061948795,-0.0781544198158629,0.999826547923247,"X12_13_DiHODE",1
"time0 - time12","HCC38","Migration",0.0250753534701807,0.452305047829415,53.0448061948796,0.0554390307835736,0.999938014845548,"X12_13_DiHODE",1
"time0 - time18","HCC38","Migration",0.0793095939741843,0.452305047829416,53.0448061948795,0.17534536559958,0.998060140549807,"X12_13_DiHODE",1
"time0 - time22","HCC38","Migration",0.0886635765099553,0.452305047829416,53.0448061948795,0.196026060145573,0.997297834479679,"X12_13_DiHODE",1
"time12 - time18","HCC38","Migration",0.0542342405040036,0.452305047829416,53.0448061948793,0.119906334816006,0.999375656175639,"X12_13_DiHODE",1
"time12 - time22","HCC38","Migration",0.0635882230397746,0.452305047829415,53.0448061948795,0.140587029361999,0.998995828624039,"X12_13_DiHODE",1
"time18 - time22","HCC38","Migration",0.00935398253577098,0.452305047829416,53.0448061948795,0.0206806945459932,0.999996778995405,"X12_13_DiHODE",1
"time0 - time12","HCC1143","Control",0.164777478783386,0.0607665120854856,53.0432114365366,2.71164944520065,0.0433083715220293,"X12_13_DiHOME",0.153714220050019
"time0 - time18","HCC1143","Control",0.201654956461388,0.0648254932766251,55.6702064058192,3.11073539542353,0.0151494070585565,"X12_13_DiHOME",0.0681723317635042
"time0 - time22","HCC1143","Control",0.346877768096765,0.0607665120854856,53.0432114365366,5.70837055134548,3.08393354375713e-06,"X12_13_DiHOME",2.77554018938142e-05
"time12 - time18","HCC1143","Control",0.0368774776780021,0.064825493276625,55.6702064058186,0.568873074681246,0.940913026451445,"X12_13_DiHOME",1
"time12 - time22","HCC1143","Control",0.182100289313379,0.0607665120854855,53.0432114365366,2.99672110614482,0.0209429351816326,"X12_13_DiHOME",0.0894511807757867
"time18 - time22","HCC1143","Control",0.145222811635377,0.064825493276625,55.670206405819,2.24021143989878,0.125087186876681,"X12_13_DiHOME",0.405615629686112
"time0 - time12","HCC38","Control",0.128234089208564,0.0607665120854855,53.0432114365359,2.11027562398458,0.163090189054319,"X12_13_DiHOME",0.404347360833798
"time0 - time18","HCC38","Control",0.0477966322328472,0.0607665120854855,53.0432114365357,0.786562048610057,0.860225300649305,"X12_13_DiHOME",1
"time0 - time22","HCC38","Control",0.173264651651957,0.0607665120854855,53.0432114365359,2.85131803201425,0.0305545359494579,"X12_13_DiHOME",0.0987146546059409
"time12 - time18","HCC38","Control",-0.0804374569757172,0.0607665120854855,53.0432114365359,-1.32371357537452,0.552203022469974,"X12_13_DiHOME",0.959690770085748
"time12 - time22","HCC38","Control",0.0450305624433921,0.0607665120854855,53.0432114365359,0.741042408029668,0.880043214880888,"X12_13_DiHOME",1
"time18 - time22","HCC38","Control",0.125468019419109,0.0607665120854855,53.0432114365359,2.06475598340419,0.178014344433174,"X12_13_DiHOME",0.423203913180753
"time0 - time12","HCC1143","Migration",0.0436934917274479,0.0554719823502178,53.0432114365362,0.787667753634485,0.859725789775183,"X12_13_DiHOME",1
"time0 - time18","HCC1143","Migration",0.174596590967425,0.0554719823502178,53.0432114365362,3.14747343740348,0.0139493761480599,"X12_13_DiHOME",0.0616709261282649
"time0 - time22","HCC1143","Migration",0.269585570480809,0.0554719823502178,53.0432114365362,4.85985102855714,6.27638699456368e-05,"X12_13_DiHOME",0.00040555115964873
"time12 - time18","HCC1143","Migration",0.130903099239977,0.0554719823502178,53.0432114365361,2.35980568376899,0.0976093332434409,"X12_13_DiHOME",0.367127641452942
"time12 - time22","HCC1143","Migration",0.225892078753362,0.0554719823502178,53.0432114365359,4.07218327492265,0.000875599597366272,"X12_13_DiHOME",0.00490335774525112
"time18 - time22","HCC1143","Migration",0.0949889795133845,0.0554719823502178,53.0432114365361,1.71237759115366,0.32754594749122,"X12_13_DiHOME",1
"time0 - time12","HCC38","Migration",0.034179683533999,0.0554719823502178,53.0432114365359,0.616161205817532,0.926484030983069,"X12_13_DiHOME",1
"time0 - time18","HCC38","Migration",0.0687119250000555,0.0554719823502178,53.0432114365361,1.2386780152591,0.605400592423553,"X12_13_DiHOME",1
"time0 - time22","HCC38","Migration",0.19173794373341,0.0554719823502178,53.0432114365359,3.4564826351957,0.00580901053540828,"X12_13_DiHOME",0.0206178965482097
"time12 - time18","HCC38","Migration",0.0345322414660564,0.0554719823502178,53.0432114365359,0.622516809441566,0.924412559927031,"X12_13_DiHOME",1
"time12 - time22","HCC38","Migration",0.157558260199411,0.0554719823502178,53.0432114365364,2.84032142937817,0.0314212848810086,"X12_13_DiHOME",0.0965629730489532
"time18 - time22","HCC38","Migration",0.123026018733355,0.0554719823502178,53.0432114365362,2.2178046199366,0.131616275932295,"X12_13_DiHOME",0.3283891241083
"time0 - time12","HCC1143","Control",0.430730622241478,0.744243098538684,53.0470340975799,0.578749904550294,0.938029366432324,"X12_HHTrE",1
"time0 - time18","HCC1143","Control",0.407171077315643,0.793474056041158,55.759304816294,0.513149830439475,0.955616984053056,"X12_HHTrE",1
"time0 - time22","HCC1143","Control",0.81965409701434,0.744243098538684,53.0470340975797,1.10132576119782,0.690282882145339,"X12_HHTrE",1
"time12 - time18","HCC1143","Control",-0.0235595449258355,0.793474056041159,55.7593048162946,-0.0296916386193898,0.999990475788566,"X12_HHTrE",1
"time12 - time22","HCC1143","Control",0.388923474772862,0.744243098538684,53.0470340975806,0.522575856647525,0.95328254453597,"X12_HHTrE",1
"time18 - time22","HCC1143","Control",0.412483019698697,0.793474056041159,55.7593048162946,0.51984436864474,0.953979728228256,"X12_HHTrE",1
"time0 - time12","HCC38","Control",1.21182857206295,0.744243098538684,53.0470340975806,1.62826981458392,0.371851569131086,"X12_HHTrE",0.747587767422211
"time0 - time18","HCC38","Control",1.56175497326341,0.744243098538684,53.0470340975806,2.09844737066411,0.166873513994901,"X12_HHTrE",0.404347360833798
"time0 - time22","HCC38","Control",4.51003999343434,0.744243098538685,53.0470340975807,6.05990166692814,8.56823963224507e-07,"X12_HHTrE",5.0213869472692e-06
"time12 - time18","HCC38","Control",0.349926401200466,0.744243098538684,53.0470340975809,0.47017755608019,0.965282888699665,"X12_HHTrE",1
"time12 - time22","HCC38","Control",3.29821142137139,0.744243098538684,53.0470340975809,4.43163185234422,0.000269603012018282,"X12_HHTrE",0.00113233265047679
"time18 - time22","HCC38","Control",2.94828502017092,0.744243098538684,53.0470340975809,3.96145429626403,0.00124609591289837,"X12_HHTrE",0.0050647769362966
"time0 - time12","HCC1143","Migration",0.161345070215238,0.679397888895296,53.0470340975807,0.237482442692876,0.995229242218168,"X12_HHTrE",1
"time0 - time18","HCC1143","Migration",0.367152081187028,0.679397888895296,53.0470340975809,0.540408039512779,0.948710532827589,"X12_HHTrE",1
"time0 - time22","HCC1143","Migration",0.361398101964629,0.679397888895296,53.0470340975809,0.531938806215992,0.950913159614413,"X12_HHTrE",1
"time12 - time18","HCC1143","Migration",0.20580701097179,0.679397888895296,53.0470340975807,0.302925596819904,0.990235246379084,"X12_HHTrE",1
"time12 - time22","HCC1143","Migration",0.200053031749391,0.679397888895296,53.0470340975809,0.294456363523116,0.991013742572574,"X12_HHTrE",1
"time18 - time22","HCC1143","Migration",-0.00575397922239899,0.679397888895296,53.0470340975809,-0.00846923329678723,0.999999778746947,"X12_HHTrE",1
"time0 - time12","HCC38","Migration",0.901180129241748,0.679397888895296,53.0470340975809,1.32643940166943,0.550502714217698,"X12_HHTrE",1
"time0 - time18","HCC38","Migration",1.06780283207898,0.679397888895296,53.0470340975807,1.57168994713132,0.403273013972936,"X12_HHTrE",0.832990160009672
"time0 - time22","HCC38","Migration",2.732874138185,0.679397888895296,53.0470340975807,4.02249430393237,0.00102642364518613,"X12_HHTrE",0.0041056945807445
"time12 - time18","HCC38","Migration",0.166622702837232,0.679397888895296,53.0470340975807,0.245250545461897,0.994753358652474,"X12_HHTrE",1
"time12 - time22","HCC38","Migration",1.83169400894325,0.679397888895297,53.0470340975809,2.69605490226294,0.0449878871945237,"X12_HHTrE",0.13030974221862
"time18 - time22","HCC38","Migration",1.66507130610602,0.679397888895296,53.0470340975809,2.45080435680104,0.0798653176536283,"X12_HHTrE",0.207485155141385
"time0 - time12","HCC1143","Control",-1.41581626169478,0.214831379706675,53.0604982206413,-6.59036060573597,1.21529717067581e-07,"X14_HDoHE",1.45835660481097e-06
"time0 - time18","HCC1143","Control",-1.79719195771909,0.22858531840287,56.0318270390652,-7.86223704250173,7.83269449300406e-10,"X14_HDoHE",1.79439910203366e-08
"time0 - time22","HCC1143","Control",-1.66766276187695,0.214831379706676,53.060498220641,-7.76265908711255,1.58733037824987e-09,"X14_HDoHE",2.66671503545979e-08
"time12 - time18","HCC1143","Control",-0.381375696024316,0.22858531840287,56.0318270390646,-1.66841728370394,0.349816225078876,"X14_HDoHE",0.918267590832049
"time12 - time22","HCC1143","Control",-0.251846500182173,0.214831379706676,53.0604982206406,-1.17229848137659,0.646766017880285,"X14_HDoHE",1
"time18 - time22","HCC1143","Control",0.129529195842142,0.22858531840287,56.0318270390646,0.566655797262769,0.94154768689762,"X14_HDoHE",1
"time0 - time12","HCC38","Control",-1.91955820365237,0.214831379706676,53.0604982206408,-8.93518538247659,2.00673921924022e-11,"X14_HDoHE",2.29862856022061e-10
"time0 - time18","HCC38","Control",-2.06651605662052,0.214831379706676,53.0604982206406,-9.6192467759695,3.45279360658424e-14,"X14_HDoHE",5.11825875799546e-13
"time0 - time22","HCC38","Control",-2.16566147900727,0.214831379706676,53.0604982206408,-10.080750223567,0,"X14_HDoHE",0
"time12 - time18","HCC38","Control",-0.146957852968152,0.214831379706676,53.0604982206404,-0.684061393492904,0.902716331886752,"X14_HDoHE",1
"time12 - time22","HCC38","Control",-0.246103275354904,0.214831379706676,53.0604982206404,-1.14556484109038,0.663272955853752,"X14_HDoHE",1
"time18 - time22","HCC38","Control",-0.0991454223867526,0.214831379706676,53.0604982206406,-0.461503447597472,0.967066213335631,"X14_HDoHE",1
"time0 - time12","HCC1143","Migration",-1.61470481026607,0.19611332120884,53.0604982206406,-8.23352947323034,2.79533396430054e-10,"X14_HDoHE",4.69616106002491e-09
"time0 - time18","HCC1143","Migration",-1.77432742645424,0.19611332120884,53.0604982206406,-9.04745998648797,1.27685639839115e-11,"X14_HDoHE",2.29834151710406e-10
"time0 - time22","HCC1143","Migration",-1.51127454696289,0.19611332120884,53.0604982206406,-7.706128975061,1.95589955342967e-09,"X14_HDoHE",2.89933345567222e-08
"time12 - time18","HCC1143","Migration",-0.159622616188169,0.19611332120884,53.0604982206404,-0.813930513257629,0.847617119574432,"X14_HDoHE",1
"time12 - time22","HCC1143","Migration",0.103430263303185,0.19611332120884,53.0604982206404,0.527400498169337,0.952070322850744,"X14_HDoHE",1
"time18 - time22","HCC1143","Migration",0.263052879491355,0.19611332120884,53.0604982206406,1.34133101142697,0.541226335149103,"X14_HDoHE",1
"time0 - time12","HCC38","Migration",-1.33033575249152,0.19611332120884,53.0604982206406,-6.78350529322204,5.94954064903064e-08,"X14_HDoHE",4.15815614913302e-07
"time0 - time18","HCC38","Migration",-1.51504365238749,0.19611332120884,53.0604982206404,-7.72534799292971,1.8218544450832e-09,"X14_HDoHE",1.53035773386989e-08
"time0 - time22","HCC38","Migration",-1.65380202642737,0.19611332120884,53.0604982206408,-8.43288980184191,1.33892896769794e-10,"X14_HDoHE",1.34964039943952e-09
"time12 - time18","HCC38","Migration",-0.184707899895972,0.19611332120884,53.060498220641,-0.941842699707673,0.782510260523484,"X14_HDoHE",1
"time12 - time22","HCC38","Migration",-0.323466273935852,0.19611332120884,53.0604982206408,-1.64938450861986,0.3604454173769,"X14_HDoHE",0.776343975888708
"time18 - time22","HCC38","Migration",-0.13875837403988,0.19611332120884,53.0604982206406,-0.707541808912189,0.893668461322251,"X14_HDoHE",1
"time0 - time12","HCC1143","Control",0.0304006186889054,0.342676413243536,53.0457222108837,0.0887152354641347,0.999746481077584,"X19_20_DiHDPA",1
"time0 - time18","HCC1143","Control",-0.187080375514664,0.365419397121496,55.7294025766914,-0.51196071415022,0.955903943784892,"X19_20_DiHDPA",1
"time0 - time22","HCC1143","Control",-0.2258566033891,0.342676413243536,53.0457222108843,-0.659095854457266,0.911872954754465,"X19_20_DiHDPA",1
"time12 - time18","HCC1143","Control",-0.217480994203569,0.365419397121496,55.7294025766924,-0.595154488012197,0.933125742441718,"X19_20_DiHDPA",1
"time12 - time22","HCC1143","Control",-0.256257222078005,0.342676413243536,53.0457222108858,-0.747811089921401,0.877190072318214,"X19_20_DiHDPA",1
"time18 - time22","HCC1143","Control",-0.0387762278744359,0.365419397121496,55.7294025766926,-0.106114311883514,0.999567016541231,"X19_20_DiHDPA",1
"time0 - time12","HCC38","Control",1.20806142867025e-14,0.342676413243536,53.0457222108858,3.52537082209884e-14,1,"X19_20_DiHDPA",1
"time0 - time18","HCC38","Control",-0.264385618977464,0.342676413243536,53.0457222108858,-0.771531417861458,0.866931395414285,"X19_20_DiHDPA",1
"time0 - time22","HCC38","Control",-0.573249722222227,0.342676413243536,53.0457222108855,-1.67286016798251,0.347986309841725,"X19_20_DiHDPA",0.712947561626949
"time12 - time18","HCC38","Control",-0.264385618977477,0.342676413243536,53.0457222108858,-0.771531417861493,0.866931395414269,"X19_20_DiHDPA",1
"time12 - time22","HCC38","Control",-0.573249722222239,0.342676413243536,53.0457222108858,-1.67286016798255,0.347986309841707,"X19_20_DiHDPA",0.712947561626949
"time18 - time22","HCC38","Control",-0.308864103244762,0.342676413243536,53.0457222108858,-0.901328750121053,0.804151161536146,"X19_20_DiHDPA",1
"time0 - time12","HCC1143","Migration",-0.402506249879814,0.312819335764078,53.045722210886,-1.28670514850583,0.575332804684444,"X19_20_DiHDPA",1
"time0 - time18","HCC1143","Migration",-0.518505218731468,0.312819335764078,53.045722210886,-1.65752291962704,0.35610158917618,"X19_20_DiHDPA",1
"time0 - time22","HCC1143","Migration",-0.451303208084457,0.312819335764078,53.0457222108862,-1.44269601168395,0.478945369380359,"X19_20_DiHDPA",1
"time12 - time18","HCC1143","Migration",-0.115998968851653,0.312819335764078,53.0457222108858,-0.370817771121212,0.982406341472084,"X19_20_DiHDPA",1
"time12 - time22","HCC1143","Migration",-0.0487969582046423,0.312819335764078,53.045722210886,-0.155990863178112,0.998630742479619,"X19_20_DiHDPA",1
"time18 - time22","HCC1143","Migration",0.0672020106470111,0.312819335764078,53.0457222108862,0.214826907943099,0.996454209696435,"X19_20_DiHDPA",1
"time0 - time12","HCC38","Migration",-1.02745604751667,0.312819335764078,53.0457222108864,-3.28450300237052,0.00952370974151373,"X19_20_DiHDPA",0.0328763678748145
"time0 - time18","HCC38","Migration",-1.12387875277695,0.312819335764078,53.0457222108862,-3.59274067899868,0.00388171454012176,"X19_20_DiHDPA",0.0143851774133924
"time0 - time22","HCC38","Migration",-0.920146682554209,0.312819335764078,53.0457222108862,-2.94146357771236,0.0242162372898562,"X19_20_DiHDPA",0.078237074321074
"time12 - time18","HCC38","Migration",-0.0964227052602833,0.312819335764078,53.045722210886,-0.308237676628159,0.989725579186723,"X19_20_DiHDPA",1
"time12 - time22","HCC38","Migration",0.107309364962457,0.312819335764078,53.0457222108855,0.343039424658158,0.985962994999423,"X19_20_DiHDPA",1
"time18 - time22","HCC38","Migration",0.20373207022274,0.312819335764078,53.0457222108858,0.651277101286317,0.91464132482904,"X19_20_DiHDPA",1
"time0 - time12","HCC1143","Control",0.267970000577095,0.84904028409298,53.0604982206411,0.315615178216619,0.988989974959816,"X5_6_DiHETrE",1
"time0 - time18","HCC1143","Control",0.371729375396789,0.903397557383125,56.0318270390652,0.411479278816714,0.97627039038894,"X5_6_DiHETrE",1
"time0 - time22","HCC1143","Control",1.50350774195423,0.849040284092981,53.0604982206404,1.77083204427739,0.298595821404429,"X5_6_DiHETrE",0.809098354773292
"time12 - time18","HCC1143","Control",0.103759374819694,0.903397557383126,56.0318270390648,0.114854610765446,0.999451428203701,"X5_6_DiHETrE",1
"time12 - time22","HCC1143","Control",1.23553774137714,0.849040284092983,53.0604982206406,1.45521686606077,0.471391744008287,"X5_6_DiHETrE",1
"time18 - time22","HCC1143","Control",1.13177836655744,0.903397557383126,56.0318270390646,1.25280211055238,0.5963799705412,"X5_6_DiHETrE",1
"time0 - time12","HCC38","Control",0.39999999999996,0.849040284092982,53.0604982206404,0.471120166491599,0.965085750599066,"X5_6_DiHETrE",1
"time0 - time18","HCC38","Control",2.37414707229693,0.849040284092982,53.0604982206406,2.79627140994045,0.035113828359254,"X5_6_DiHETrE",0.11200866767762
"time0 - time22","HCC38","Control",1.24491953671227,0.849040284092982,53.0604982206406,1.46626674851146,0.464759239596675,"X5_6_DiHETrE",0.848690785350449
"time12 - time18","HCC38","Control",1.97414707229697,0.849040284092983,53.0604982206408,2.32515124344885,0.105161486459746,"X5_6_DiHETrE",0.28740466807264
"time12 - time22","HCC38","Control",0.844919536712306,0.849040284092983,53.0604982206408,0.995146582019865,0.752802059916174,"X5_6_DiHETrE",1
"time18 - time22","HCC38","Control",-1.12922753558466,0.849040284092982,53.0604982206408,-1.33000466142899,0.548279040575212,"X5_6_DiHETrE",0.959690770085748
"time0 - time12","HCC1143","Migration",0.556641667147428,0.775064193047202,53.0604982206408,0.71818782513867,0.889428964898079,"X5_6_DiHETrE",1
"time0 - time18","HCC1143","Migration",1.09465777688929,0.775064193047201,53.0604982206408,1.41234466346019,0.497397493013173,"X5_6_DiHETrE",1
"time0 - time22","HCC1143","Migration",0.82080208393429,0.775064193047202,53.0604982206408,1.05901174547526,0.715649402048163,"X5_6_DiHETrE",1
"time12 - time18","HCC1143","Migration",0.538016109741866,0.775064193047202,53.060498220641,0.69415683832152,0.898877536116933,"X5_6_DiHETrE",1
"time12 - time22","HCC1143","Migration",0.264160416786862,0.775064193047202,53.0604982206406,0.340823920336588,0.986225089891146,"X5_6_DiHETrE",1
"time18 - time22","HCC1143","Migration",-0.273855692955004,0.775064193047202,53.0604982206406,-0.353332917984932,0.98470409780327,"X5_6_DiHETrE",1
"time0 - time12","HCC38","Migration",1.65172935715094,0.775064193047202,53.0604982206406,2.1310871692538,0.156585499507376,"X5_6_DiHETrE",0.379418710344795
"time0 - time18","HCC38","Migration",1.40935276222901,0.775064193047202,53.0604982206406,1.8183690781638,0.276236092215685,"X5_6_DiHETrE",0.616030931312854
"time0 - time22","HCC38","Migration",3.22503648919245,0.775064193047202,53.0604982206406,4.16099275146883,0.000657186827610845,"X5_6_DiHETrE",0.00271493574685136
"time12 - time18","HCC38","Migration",-0.242376594921934,0.775064193047202,53.060498220641,-0.312718091090002,0.989282740273283,"X5_6_DiHETrE",1
"time12 - time22","HCC38","Migration",1.57330713204151,0.775064193047202,53.0604982206404,2.02990558221503,0.190102664393408,"X5_6_DiHETrE",0.44357288358462
"time18 - time22","HCC38","Migration",1.81568372696344,0.775064193047202,53.0604982206404,2.34262367330504,0.1012943034791,"X5_6_DiHETrE",0.257840045219527
"time0 - time12","HCC1143","Control",0.100473082928503,0.517345733211975,53.0515636684115,0.194208778537147,0.997371560900539,"X8iso_PGA1",1
"time0 - time18","HCC1143","Control",0.163249899577331,0.551184788176737,55.8575823643339,0.296179980070468,0.990864175971411,"X8iso_PGA1",1
"time0 - time22","HCC1143","Control",0.034276601130013,0.517345733211975,53.0515636684124,0.0662547285684651,0.999894253917655,"X8iso_PGA1",1
"time12 - time18","HCC1143","Control",0.0627768166488285,0.551184788176737,55.8575823643358,0.113894320009244,0.999465005435167,"X8iso_PGA1",1
"time12 - time22","HCC1143","Control",-0.0661964817984896,0.517345733211976,53.0515636684144,-0.127954049968682,0.999241918129854,"X8iso_PGA1",1
"time18 - time22","HCC1143","Control",-0.128973298447318,0.551184788176737,55.8575823643364,-0.23399284815887,0.995436420954797,"X8iso_PGA1",1
"time0 - time12","HCC38","Control",-1.30075201642943,0.517345733211976,53.0515636684158,-2.51427997357515,0.0691543395874373,"X8iso_PGA1",0.200309121563612
"time0 - time18","HCC38","Control",-1.7498769145118,0.517345733211976,53.0515636684156,-3.38241296327616,0.00720152516829065,"X8iso_PGA1",0.0274967324607461
"time0 - time22","HCC38","Control",-1.73003255645213,0.517345733211976,53.0515636684156,-3.34405494312499,0.00803992795549113,"X8iso_PGA1",0.0299161812994731
"time12 - time18","HCC38","Control",-0.44912489808237,0.517345733211976,53.0515636684149,-0.868132989701003,0.82120664219992,"X8iso_PGA1",1
"time12 - time22","HCC38","Control",-0.429280540022705,0.517345733211976,53.0515636684147,-0.829774969549835,0.840089916006365,"X8iso_PGA1",1
"time18 - time22","HCC38","Control",0.0198443580596653,0.517345733211976,53.0515636684147,0.0383580201511672,0.999979456037745,"X8iso_PGA1",1
"time0 - time12","HCC1143","Migration",0.0549496712133695,0.472269880182082,53.0515636684156,0.116352267038889,0.99942935565604,"X8iso_PGA1",1
"time0 - time18","HCC1143","Migration",0.218248620995652,0.472269880182082,53.0515636684156,0.462126911230305,0.96693988561103,"X8iso_PGA1",1
"time0 - time22","HCC1143","Migration",0.242373267520104,0.472269880182082,53.0515636684154,0.513209242619194,0.955584117621683,"X8iso_PGA1",1
"time12 - time18","HCC1143","Migration",0.163298949782282,0.472269880182081,53.0515636684149,0.345774644191417,0.985635154448822,"X8iso_PGA1",1
"time12 - time22","HCC1143","Migration",0.187423596306734,0.472269880182081,53.0515636684147,0.396856975580306,0.978601266753718,"X8iso_PGA1",1
"time18 - time22","HCC1143","Migration",0.0241246465244519,0.472269880182081,53.0515636684149,0.0510823313888889,0.999951501087127,"X8iso_PGA1",1
"time0 - time12","HCC38","Migration",0.0208229244448264,0.472269880182081,53.0515636684149,0.0440911549065934,0.999968804729073,"X8iso_PGA1",1
"time0 - time18","HCC38","Migration",0.664062355294289,0.472269880182081,53.0515636684151,1.40610778531602,0.501214211678622,"X8iso_PGA1",0.994535286165455
"time0 - time22","HCC38","Migration",0.0798356184743375,0.472269880182081,53.0515636684147,0.169046602005525,0.998260284912971,"X8iso_PGA1",1
"time12 - time18","HCC38","Migration",0.643239430849463,0.472269880182081,53.0515636684149,1.36201663040943,0.528383497065542,"X8iso_PGA1",1
"time12 - time22","HCC38","Migration",0.0590126940295111,0.472269880182081,53.0515636684149,0.124955447098932,0.99929376398787,"X8iso_PGA1",1
"time18 - time22","HCC38","Migration",-0.584226736819952,0.472269880182081,53.0515636684147,-1.2370611833105,0.606411616686317,"X8iso_PGA1",1
"time0 - time12","HCC1143","Control",-0.128179963446628,0.06931728443627,53.060498220641,-1.84917751018472,0.262325685479464,"X9_10_13_TriHOME",0.732555156677567
"time0 - time18","HCC1143","Control",-0.0594753478846361,0.0737551169448396,56.031827039065,-0.806389445889116,0.851158301054664,"X9_10_13_TriHOME",1
"time0 - time22","HCC1143","Control",-0.177467555497733,0.0693172844362701,53.0604982206408,-2.56022083007155,0.0621826833137726,"X9_10_13_TriHOME",0.211757245879334
"time12 - time18","HCC1143","Control",0.0687046155619919,0.0737551169448397,56.0318270390646,0.931523376383159,0.788093632924736,"X9_10_13_TriHOME",1
"time12 - time22","HCC1143","Control",-0.0492875920511049,0.0693172844362702,53.0604982206406,-0.711043319886825,0.89228345356549,"X9_10_13_TriHOME",1
"time18 - time22","HCC1143","Control",-0.117992207613097,0.0737551169448397,56.0318270390646,-1.59978334386401,0.387060321267726,"X9_10_13_TriHOME",0.985244454136029
"time0 - time12","HCC38","Control",0.0812935836869546,0.0693172844362702,53.0604982206406,1.17277507836729,0.646470718376539,"X9_10_13_TriHOME",1
"time0 - time18","HCC38","Control",-0.101210833541752,0.0693172844362702,53.0604982206404,-1.4601096157309,0.468451135105935,"X9_10_13_TriHOME",0.849278316882702
"time0 - time22","HCC38","Control",-0.110150278291084,0.0693172844362702,53.0604982206406,-1.58907376690954,0.393487884392703,"X9_10_13_TriHOME",0.774679272398135
"time12 - time18","HCC38","Control",-0.182504417228707,0.0693172844362702,53.0604982206406,-2.63288469409819,0.0523868998798015,"X9_10_13_TriHOME",0.156321715527254
"time12 - time22","HCC38","Control",-0.191443861978039,0.0693172844362702,53.0604982206406,-2.76184884527683,0.038264367246592,"X9_10_13_TriHOME",0.119044698100508
"time18 - time22","HCC38","Control",-0.00893944474933209,0.0693172844362702,53.0604982206406,-0.128964151178642,0.999223903990846,"X9_10_13_TriHOME",1
"time0 - time12","HCC1143","Migration",-0.0511342374657227,0.0632777338512449,53.0604982206408,-0.808092110029264,0.850349099332974,"X9_10_13_TriHOME",1
"time0 - time18","HCC1143","Migration",-0.0159742119262507,0.0632777338512449,53.0604982206406,-0.252446017801512,0.99428595952215,"X9_10_13_TriHOME",1
"time0 - time22","HCC1143","Migration",0.0429373879186198,0.063277733851245,53.0604982206406,0.678554450441576,0.904777466277827,"X9_10_13_TriHOME",1
"time12 - time18","HCC1143","Migration",0.035160025539472,0.0632777338512449,53.0604982206406,0.555646092227752,0.944605051269929,"X9_10_13_TriHOME",1
"time12 - time22","HCC1143","Migration",0.0940716253843425,0.063277733851245,53.0604982206406,1.48664656047084,0.45261085041763,"X9_10_13_TriHOME",1
"time18 - time22","HCC1143","Migration",0.0589115998448705,0.0632777338512449,53.0604982206406,0.931000468243088,0.788386100819666,"X9_10_13_TriHOME",1
"time0 - time12","HCC38","Migration",-0.0867497283324742,0.0632777338512449,53.0604982206408,-1.37093607897539,0.522861696015763,"X9_10_13_TriHOME",1
"time0 - time18","HCC38","Migration",-0.141280007609648,0.0632777338512449,53.0604982206408,-2.23269701695975,0.127655973273134,"X9_10_13_TriHOME",0.321693052648298
"time0 - time22","HCC38","Migration",-0.0803702208630573,0.063277733851245,53.0604982206406,-1.27011850727768,0.585716229019033,"X9_10_13_TriHOME",1
"time12 - time18","HCC38","Migration",-0.0545302792771734,0.0632777338512449,53.0604982206408,-0.861760937984359,0.82440644309502,"X9_10_13_TriHOME",1
"time12 - time22","HCC38","Migration",0.00637950746941694,0.0632777338512449,53.0604982206404,0.100817571697717,0.999628269259583,"X9_10_13_TriHOME",1
"time18 - time22","HCC38","Migration",0.0609097867465904,0.0632777338512449,53.0604982206404,0.962578509682076,0.771110370202567,"X9_10_13_TriHOME",1
"time0 - time12","HCC1143","Control",-0.00227459710959126,0.129300916977313,53.0604982206404,-0.0175915002210724,0.999998017454372,"X9_12_13_TriHOME",1
"time0 - time18","HCC1143","Control",-0.0726276285436251,0.137579022754485,56.031827039064,-0.527897546366731,0.951965514345838,"X9_12_13_TriHOME",1
"time0 - time22","HCC1143","Control",0.00270230775983146,0.129300916977313,53.0604982206399,0.0208993704221418,0.999996675760849,"X9_12_13_TriHOME",1
"time12 - time18","HCC1143","Control",-0.0703530314340339,0.137579022754485,56.0318270390648,-0.511364523642398,0.95604944575126,"X9_12_13_TriHOME",1
"time12 - time22","HCC1143","Control",0.00497690486942273,0.129300916977313,53.0604982206408,0.0384908706432142,0.99997924197166,"X9_12_13_TriHOME",1
"time18 - time22","HCC1143","Control",0.0753299363034566,0.137579022754485,56.0318270390648,0.547539405319703,0.946834377530592,"X9_12_13_TriHOME",1
"time0 - time12","HCC38","Control",-0.0504273631907636,0.129300916977313,53.0604982206406,-0.390000043074804,0.979648661955015,"X9_12_13_TriHOME",1
"time0 - time18","HCC38","Control",-0.168387758303623,0.129300916977313,53.0604982206404,-1.30229361276045,0.565579701861883,"X9_12_13_TriHOME",0.976206060747907
"time0 - time22","HCC38","Control",-0.249924578582839,0.129300916977313,53.0604982206402,-1.9328909989609,0.22687510879499,"X9_12_13_TriHOME",0.529375253854976
"time12 - time18","HCC38","Control",-0.11796039511286,0.129300916977313,53.0604982206406,-0.912293569685642,0.798380551932391,"X9_12_13_TriHOME",1
"time12 - time22","HCC38","Control",-0.199497215392075,0.129300916977313,53.0604982206406,-1.5428909558861,0.419714975600517,"X9_12_13_TriHOME",0.80865132357004
"time18 - time22","HCC38","Control",-0.0815368202792158,0.129300916977313,53.0604982206406,-0.630597386200457,0.921733017635812,"X9_12_13_TriHOME",1
"time0 - time12","HCC1143","Migration",0.0915774806581541,0.118035048224295,53.060498220641,0.775849902514845,0.865020895869358,"X9_12_13_TriHOME",1
"time0 - time18","HCC1143","Migration",0.132001654243377,0.118035048224295,53.0604982206406,1.11832592292878,0.679955082541489,"X9_12_13_TriHOME",1
"time0 - time22","HCC1143","Migration",0.223816792679399,0.118035048224295,53.0604982206406,1.89618927637572,0.241992898860864,"X9_12_13_TriHOME",0.824083925850508
"time12 - time18","HCC1143","Migration",0.0404241735852229,0.118035048224295,53.0604982206406,0.342476020413931,0.986029976391745,"X9_12_13_TriHOME",1
"time12 - time22","HCC1143","Migration",0.132239312021245,0.118035048224295,53.0604982206404,1.12033937386087,0.67872739538305,"X9_12_13_TriHOME",1
"time18 - time22","HCC1143","Migration",0.0918151384360216,0.118035048224295,53.0604982206406,0.777863353446943,0.864125630230266,"X9_12_13_TriHOME",1
"time0 - time12","HCC38","Migration",0.133186098272627,0.118035048224295,53.0604982206408,1.12836060370426,0.673827543580884,"X9_12_13_TriHOME",1
"time0 - time18","HCC38","Migration",-0.108917531514503,0.118035048224295,53.0604982206406,-0.922755852206999,0.792813699433784,"X9_12_13_TriHOME",1
"time0 - time22","HCC38","Migration",-0.0495124660502286,0.118035048224295,53.0604982206406,-0.419472578654291,0.974911591603259,"X9_12_13_TriHOME",1
"time12 - time18","HCC38","Migration",-0.24210362978713,0.118035048224295,53.0604982206404,-2.05111645591126,0.182673378072274,"X9_12_13_TriHOME",0.430221413777691
"time12 - time22","HCC38","Migration",-0.182698564322855,0.118035048224295,53.060498220641,-1.54783318235855,0.416872670863961,"X9_12_13_TriHOME",0.847192847239663
"time18 - time22","HCC38","Migration",0.0594050654642748,0.118035048224295,53.0604982206406,0.503283273552707,0.957948409178156,"X9_12_13_TriHOME",1
"time0 - time12","HCC1143","Control",0.763355478612672,0.160808233323073,53.0460157749158,4.74699250677699,9.26177181286292e-05,"X9_HODE",0.000598452947908065
"time0 - time18","HCC1143","Control",1.04400068170111,0.171472925119811,55.7361532844054,6.08842871824603,6.560726862892e-07,"X9_HODE",6.86681627399821e-06
"time0 - time22","HCC1143","Control",0.926921857856132,0.160808233323073,53.0460157749153,5.76414427732624,2.51893020697391e-06,"X9_HODE",2.35100152650899e-05
"time12 - time18","HCC1143","Control",0.280645203088437,0.171472925119811,55.7361532844048,1.6366735616853,0.366850071299258,"X9_HODE",0.94332875476952
"time12 - time22","HCC1143","Control",0.16356637924346,0.160808233323073,53.0460157749153,1.01715177054925,0.740175299824884,"X9_HODE",1
"time18 - time22","HCC1143","Control",-0.117078823844977,0.171472925119811,55.736153284405,-0.68278314936992,0.90322015029426,"X9_HODE",1
"time0 - time12","HCC38","Control",0.892614470034645,0.160808233323073,53.0460157749153,5.55080079911912,5.44729026608071e-06,"X9_HODE",2.74543429410468e-05
"time0 - time18","HCC38","Control",1.11026476204414,0.160808233323073,53.0460157749151,6.90427809012462,3.80948366185407e-08,"X9_HODE",2.66663856329785e-07
"time0 - time22","HCC38","Control",1.17471194541339,0.160808233323073,53.0460157749151,7.30504851112523,8.63589222355188e-09,"X9_HODE",6.40072011863257e-08
"time12 - time18","HCC38","Control",0.217650292009492,0.160808233323073,53.0460157749153,1.3534772910055,0.533679723665906,"X9_HODE",0.953810569956088
"time12 - time22","HCC38","Control",0.282097475378746,0.160808233323073,53.0460157749153,1.75424771200611,0.306651058280717,"X9_HODE",0.654881921074073
"time18 - time22","HCC38","Control",0.0644471833692534,0.160808233323073,53.0460157749153,0.400770421000617,0.977988732850206,"X9_HODE",1
"time0 - time12","HCC1143","Migration",0.794179425429017,0.146797161372668,53.0460157749153,5.41004620254791,9.02784324585681e-06,"X9_HODE",6.50004713701691e-05
"time0 - time18","HCC1143","Migration",1.08631243300215,0.146797161372668,53.0460157749151,7.4000915470318,6.07458483514733e-09,"X9_HODE",8.05681778135331e-08
"time0 - time22","HCC1143","Migration",0.990778213929154,0.146797161372668,53.0460157749151,6.74930090380906,6.76039180191879e-08,"X9_HODE",7.40703797427623e-07
"time12 - time18","HCC1143","Migration",0.292133007573129,0.146797161372668,53.0460157749151,1.99004534448389,0.204657161978323,"X9_HODE",0.72638880026109
"time12 - time22","HCC1143","Migration",0.196598788500137,0.146797161372668,53.0460157749151,1.33925470126114,0.542519503434129,"X9_HODE",1
"time18 - time22","HCC1143","Migration",-0.0955342190729919,0.146797161372668,53.0460157749151,-0.650790643222745,0.914811991561542,"X9_HODE",1
"time0 - time12","HCC38","Migration",0.757481277668742,0.146797161372668,53.0460157749155,5.16005398596063,2.19571664621387e-05,"X9_HODE",0.000106407806701134
"time0 - time18","HCC38","Migration",0.994822703352828,0.146797161372668,53.0460157749153,6.77685245443753,6.10522926658419e-08,"X9_HODE",4.15815614913302e-07
"time0 - time22","HCC38","Migration",1.1602142896641,0.146797161372668,53.0460157749151,7.90351992378589,9.45426403831107e-10,"X9_HODE",8.50883763447996e-09
"time12 - time18","HCC38","Migration",0.237341425684086,0.146797161372668,53.0460157749153,1.6167984684769,0.378122638146612,"X9_HODE",0.807516142482595
"time12 - time22","HCC38","Migration",0.402733011995354,0.146797161372668,53.0460157749153,2.74346593782527,0.0400495113449254,"X9_HODE",0.120148534034776
"time18 - time22","HCC38","Migration",0.165391586311269,0.146797161372668,53.0460157749151,1.12666746934837,0.67486347958127,"X9_HODE",1
"time0 - time12","HCC1143","Control",-0.0361144491281506,0.0525656283854421,53.0604982206406,-0.687035430516272,0.901593542959257,"CA",1
"time0 - time18","HCC1143","Control",-0.0383730743846091,0.0559309860502649,56.031827039064,-0.686078989383871,0.901981077245945,"CA",1
"time0 - time22","HCC1143","Control",0.0186218808785069,0.0525656283854421,53.0604982206399,0.354259645522742,0.98458738060396,"CA",1
"time12 - time18","HCC1143","Control",-0.00225862525645854,0.055930986050265,56.0318270390646,-0.040382360762042,0.999976047799922,"CA",1
"time12 - time22","HCC1143","Control",0.0547363300066575,0.0525656283854423,53.0604982206404,1.04129507603901,0.726105372782599,"CA",1
"time18 - time22","HCC1143","Control",0.0569949552631161,0.0559309860502651,56.0318270390644,1.01902289389096,0.739050102503923,"CA",1
"time0 - time12","HCC38","Control",-0.0361144491283843,0.0525656283854423,53.0604982206408,-0.687035430520716,0.901593542957574,"CA",1
"time0 - time18","HCC38","Control",-0.0798191910819854,0.0525656283854423,53.060498220641,-1.51846736229811,0.433879179871568,"CA",0.817648486010638
"time0 - time22","HCC38","Control",-0.149918640498811,0.0525656283854423,53.0604982206408,-2.85202793352947,0.0304966241886908,"CA",0.0987146546059409
"time12 - time18","HCC38","Control",-0.0437047419536011,0.0525656283854423,53.0604982206406,-0.831431931777397,0.83929337401545,"CA",1
"time12 - time22","HCC38","Control",-0.113804191370426,0.0525656283854423,53.0604982206408,-2.16499250300875,0.146420644762694,"CA",0.384354192502071
"time18 - time22","HCC38","Control",-0.0700994494168254,0.0525656283854423,53.0604982206406,-1.33356057123135,0.546063481019573,"CA",0.959690770085748
"time0 - time12","HCC1143","Migration",-0.0145771402083949,0.047985634026901,53.060498220641,-0.303781340061545,0.99015429439769,"CA",1
"time0 - time18","HCC1143","Migration",-1.78329573330416e-15,0.047985634026901,53.0604982206406,-3.71631170342447e-14,1,"CA",1
"time0 - time22","HCC1143","Migration",0.0631439811208866,0.047985634026901,53.0604982206406,1.31589344188904,0.557082063781643,"CA",1
"time12 - time18","HCC1143","Migration",0.0145771402083931,0.047985634026901,53.0604982206408,0.303781340061508,0.990154294397694,"CA",1
"time12 - time22","HCC1143","Migration",0.0777211213292815,0.047985634026901,53.0604982206408,1.61967478195059,0.376542951575485,"CA",1
"time18 - time22","HCC1143","Migration",0.0631439811208884,0.047985634026901,53.0604982206406,1.31589344188908,0.55708206378162,"CA",1
"time0 - time12","HCC38","Migration",-0.00337201144741323,0.047985634026901,53.060498220641,-0.0702712700539263,0.99987386031418,"CA",1
"time0 - time18","HCC38","Migration",-0.0188902455126609,0.0479856340269011,53.0604982206404,-0.393664601827932,0.979093002350704,"CA",1
"time0 - time22","HCC38","Migration",-0.017819200652756,0.047985634026901,53.0604982206406,-0.371344487034734,0.982334015898238,"CA",1
"time12 - time18","HCC38","Migration",-0.0155182340652476,0.047985634026901,53.0604982206406,-0.323393331774006,0.988178801464687,"CA",1
"time12 - time22","HCC38","Migration",-0.0144471892053428,0.047985634026901,53.0604982206406,-0.301073216980808,0.990409104523417,"CA",1
"time18 - time22","HCC38","Migration",0.00107104485990484,0.0479856340269011,53.0604982206402,0.0223201147931984,0.999995950780161,"CA",1
"time0 - time12","HCC1143","Control",-1.32748598412306,0.26272974251913,53.060498220641,-5.05266732039828,3.20265521817076e-05,"DHEA",0.000229650393633429
"time0 - time18","HCC1143","Control",-1.32634998029806,0.279550231114459,56.0318270390652,-4.74458552586565,8.57338669204566e-05,"DHEA",0.000568550906946186
"time0 - time22","HCC1143","Control",-1.72587132401593,0.26272974251913,53.0604982206411,-6.56899865035365,1.31509485190584e-07,"DHEA",1.50638137581942e-06
"time12 - time18","HCC1143","Control",0.00113600382500012,0.27955023111446,56.0318270390646,0.00406368408450713,0.999999975576548,"DHEA",1
"time12 - time22","HCC1143","Control",-0.398385339892865,0.26272974251913,53.0604982206406,-1.51633132995537,0.435127014245317,"DHEA",1
"time18 - time22","HCC1143","Control",-0.399521343717865,0.27955023111446,56.0318270390644,-1.42915762267528,0.486832560516699,"DHEA",1
"time0 - time12","HCC38","Control",-1.79025694299337,0.26272974251913,53.0604982206406,-6.81406271641671,5.31332832176545e-08,"DHEA",3.52357562390762e-07
"time0 - time18","HCC38","Control",-2.25171320677796,0.26272974251913,53.0604982206401,-8.57045412973753,8.03691557749175e-11,"DHEA",7.23322401974258e-10
"time0 - time22","HCC38","Control",-2.65025394670591,0.26272974251913,53.0604982206404,-10.0873769421554,0,"DHEA",0
"time12 - time18","HCC38","Control",-0.461456263784591,0.26272974251913,53.0604982206406,-1.75639141332083,0.305600071792046,"DHEA",0.654881921074073
"time12 - time22","HCC38","Control",-0.859997003712542,0.26272974251913,53.0604982206408,-3.27331422573873,0.00982803918403941,"DHEA",0.0358937083243178
"time18 - time22","HCC38","Control",-0.39854073992795,0.26272974251913,53.0604982206406,-1.5169228124179,0.434781337799307,"DHEA",0.817648486010638
"time0 - time12","HCC1143","Migration",-1.53136278433305,0.239838344175419,53.060498220641,-6.38497897239069,2.59321465079232e-07,"DHEA",2.51342343076794e-06
"time0 - time18","HCC1143","Migration",-1.8907159846526,0.239838344175419,53.060498220641,-7.88329318713824,1.01690467158022e-09,"DHEA",1.60162485773885e-08
"time0 - time22","HCC1143","Migration",-1.77770400046716,0.239838344175419,53.060498220641,-7.41209253499072,5.80187653476116e-09,"DHEA",8.05681778135331e-08
"time12 - time18","HCC1143","Migration",-0.359353200319548,0.239838344175419,53.0604982206408,-1.49831421474756,0.445707778107764,"DHEA",1
"time12 - time22","HCC1143","Migration",-0.246341216134106,0.239838344175419,53.060498220641,-1.02711356260002,0.734395975813865,"DHEA",1
"time18 - time22","HCC1143","Migration",0.113011984185442,0.23983834417542,53.0604982206408,0.471200652147533,0.96506887943776,"DHEA",1
"time0 - time12","HCC38","Migration",-1.8838123695667,0.239838344175419,53.0604982206408,-7.85450873605458,1.13086262576445e-09,"DHEA",9.8268062652635e-09
"time0 - time18","HCC38","Migration",-2.34700961703724,0.23983834417542,53.060498220641,-9.78579811792154,0,"DHEA",0
"time0 - time22","HCC38","Migration",-2.64513838213594,0.239838344175419,53.0604982206406,-11.0288385755418,0,"DHEA",0
"time12 - time18","HCC38","Migration",-0.463197247470543,0.23983834417542,53.0604982206404,-1.93128938186697,0.227520971538612,"DHEA",0.516534097547118
"time12 - time22","HCC38","Migration",-0.761326012569247,0.239838344175419,53.060498220641,-3.17432983948725,0.0129539812075323,"DHEA",0.0429526745302388
"time18 - time22","HCC38","Migration",-0.298128765098704,0.23983834417542,53.0604982206408,-1.24304045762028,0.602669788497029,"DHEA",1
"time0 - time12","HCC1143","Control",0.0725140158768674,0.165594278238072,53.0604982206402,0.437901699553985,0.971632291122147,"EPEA",1
"time0 - time18","HCC1143","Control",-0.0263034405834613,0.17619595828331,56.031827039064,-0.149285152961156,0.998799726021321,"EPEA",1
"time0 - time22","HCC1143","Control",0.233985000288392,0.165594278238073,53.0604982206399,1.41300172190729,0.496995943388093,"EPEA",1
"time12 - time18","HCC1143","Control",-0.0988174564603287,0.17619595828331,56.0318270390646,-0.560838383712739,0.94318715674764,"EPEA",1
"time12 - time22","HCC1143","Control",0.161470984411525,0.165594278238073,53.0604982206406,0.975100022353308,0.764127621566645,"EPEA",1
"time18 - time22","HCC1143","Control",0.260288440871853,0.17619595828331,56.0318270390646,1.47726680797825,0.457830598583651,"EPEA",1
"time0 - time12","HCC38","Control",-0.0304006186889986,0.165594278238073,53.0604982206406,-0.183584958444591,0.997776230440454,"EPEA",1
"time0 - time18","HCC38","Control",-0.373249722222226,0.165594278238073,53.0604982206404,-2.25400132295398,0.122160622035121,"EPEA",0.327494433540964
"time0 - time22","HCC38","Control",-0.264385618977463,0.165594278238073,53.0604982206406,-1.59658668035232,0.389294517550739,"EPEA",0.772458412777845
"time12 - time18","HCC38","Control",-0.342849103533227,0.165594278238073,53.0604982206406,-2.07041636450939,0.176100949745344,"EPEA",0.422642279388825
"time12 - time22","HCC38","Control",-0.233985000288464,0.165594278238073,53.0604982206406,-1.41300172190773,0.496995943387828,"EPEA",0.894592698098091
"time18 - time22","HCC38","Control",0.108864103244763,0.165594278238073,53.0604982206406,0.657414642601663,0.912472373031779,"EPEA",1
"time0 - time12","HCC1143","Migration",0.27397603162914,0.151166202641299,53.0604982206408,1.81241591600508,0.27897701346881,"EPEA",0.913015680443377
"time0 - time18","HCC1143","Migration",-0.0174341738715324,0.151166202641299,53.0604982206408,-0.115331162435176,0.999444197316768,"EPEA",1
"time0 - time22","HCC1143","Migration",0.0536546824812452,0.151166202641299,53.0604982206406,0.354938349602933,0.984501544628843,"EPEA",1
"time12 - time18","HCC1143","Migration",-0.291410205500672,0.151166202641299,53.0604982206406,-1.92774707844026,0.228953920950243,"EPEA",0.801338723325851
"time12 - time22","HCC1143","Migration",-0.220321349147894,0.151166202641299,53.0604982206406,-1.45747756640215,0.470032287668519,"EPEA",1
"time18 - time22","HCC1143","Migration",0.0710888563527776,0.151166202641299,53.0604982206406,0.470269512038109,0.96526376114009,"EPEA",1
"time0 - time12","HCC38","Migration",-0.135630198536164,0.151166202641299,53.0604982206406,-0.897225677210403,0.806293425973966,"EPEA",1
"time0 - time18","HCC38","Migration",-0.194987500240376,0.151166202641299,53.0604982206406,-1.2898881948041,0.573339659522452,"EPEA",1
"time0 - time22","HCC38","Migration",-0.0634702973234813,0.151166202641299,53.0604982206404,-0.41987095140631,0.974843317670833,"EPEA",1
"time12 - time18","HCC38","Migration",-0.0593573017042114,0.151166202641299,53.0604982206404,-0.392662517593698,0.979245877845551,"EPEA",1
"time12 - time22","HCC38","Migration",0.0721599012126832,0.151166202641299,53.0604982206406,0.477354725804093,0.963764269535568,"EPEA",1
"time18 - time22","HCC38","Migration",0.131517202916895,0.151166202641299,53.0604982206404,0.87001724339779,0.820255792476073,"EPEA",1
"time0 - time12","HCC1143","Control",0.92359551158991,0.434995951188208,53.0284833397133,2.12322783480415,0.159024684726059,"FA22.5_w3",0.500927756887086
"time0 - time18","HCC1143","Control",1.37492262707025,0.465248722814533,55.2570134569648,2.95524213103182,0.0230697039808915,"FA22.5_w3",0.0960326641948363
"time0 - time22","HCC1143","Control",1.89319489290091,0.434995951188208,53.0284833397123,4.35221267630095,0.000351274541277369,"FA22.5_w3",0.00205863219539295
"time12 - time18","HCC1143","Control",0.451327115480345,0.465248722814533,55.2570134569644,0.970077064908488,0.766920034549911,"FA22.5_w3",1
"time12 - time22","HCC1143","Control",0.969599381310999,0.434995951188208,53.0284833397123,2.2289848414968,0.128641044726813,"FA22.5_w3",0.410348649001985
"time18 - time22","HCC1143","Control",0.518272265830654,0.465248722814533,55.257013456964,1.11396816458808,0.6825419314784,"FA22.5_w3",1
"time0 - time12","HCC38","Control",2.97105156543862,0.434995951188207,53.0284833397116,6.83006717033362,5.02141990210703e-08,"FA22.5_w3",3.41999409548911e-07
"time0 - time18","HCC38","Control",3.77105156543862,0.434995951188207,53.0284833397116,8.66916474771283,5.57806023593344e-11,"FA22.5_w3",5.6226847178209e-10
"time0 - time22","HCC38","Control",4.42511702217538,0.434995951188207,53.0284833397116,10.1727774938778,0,"FA22.5_w3",0
"time12 - time18","HCC38","Control",0.8,0.434995951188208,53.0284833397117,1.83909757737921,0.266833126398524,"FA22.5_w3",0.589841647828315
"time12 - time22","HCC38","Control",1.45406545673676,0.434995951188208,53.0284833397117,3.34271032354423,0.00807262035065148,"FA22.5_w3",0.0299161812994731
"time18 - time22","HCC38","Control",0.654065456736763,0.434995951188208,53.0284833397117,1.50361274616501,0.442590333143682,"FA22.5_w3",0.826168621868206
"time0 - time12","HCC1143","Migration",0.853048705504482,0.397095158148662,53.0284833397116,2.14822237944569,0.151390889891639,"FA22.5_w3",0.552905858734682
"time0 - time18","HCC1143","Migration",1.42717951261663,0.397095158148662,53.0284833397116,3.59404914245349,0.00386733197054223,"FA22.5_w3",0.0203034928453467
"time0 - time22","HCC1143","Migration",1.32968576249644,0.397095158148662,53.0284833397114,3.34853179448397,0.00793928887421824,"FA22.5_w3",0.0363763781145999
"time12 - time18","HCC1143","Migration",0.574130807112149,0.397095158148662,53.0284833397117,1.4458267630078,0.477055593442506,"FA22.5_w3",1
"time12 - time22","HCC1143","Migration",0.476637056991957,0.397095158148662,53.0284833397117,1.20030941503829,0.629362475027217,"FA22.5_w3",1
"time18 - time22","HCC1143","Migration",-0.0974937501201925,0.397095158148662,53.0284833397117,-0.245517347969509,0.994736465230842,"FA22.5_w3",1
"time0 - time12","HCC38","Migration",2.72943619916229,0.397095158148662,53.0284833397117,6.87350662215946,4.27566977379001e-08,"FA22.5_w3",3.07848223712881e-07
"time0 - time18","HCC38","Migration",2.99359661594915,0.397095158148662,53.0284833397117,7.53873864870551,3.64409058484227e-09,"FA22.5_w3",2.86972133556329e-08
"time0 - time22","HCC38","Migration",3.7788771498027,0.397095158148663,53.0284833397117,9.51630124985806,8.1290529863054e-13,"FA22.5_w3",1.02426067627448e-11
"time12 - time18","HCC38","Migration",0.26416041678686,0.397095158148662,53.0284833397116,0.665232026546052,0.909666866725823,"FA22.5_w3",1
"time12 - time22","HCC38","Migration",1.04944095064041,0.397095158148662,53.0284833397119,2.6427946276986,0.051166435710741,"FA22.5_w3",0.138644535474266
"time18 - time22","HCC38","Migration",0.785280533853553,0.397095158148663,53.0284833397121,1.97756260115255,0.209377589043529,"FA22.5_w3",0.479665022172449
"time0 - time12","HCC1143","Control",0.353510782799941,0.470404279852276,53.0220698839574,0.751504180427432,0.875619158997524,"FA22.5_w6",1
"time0 - time18","HCC1143","Control",0.703414890678471,0.503769198082139,55.0269585237323,1.39630388947238,0.507030261269787,"FA22.5_w6",1
"time0 - time22","HCC1143","Control",1.26595926764416,0.470404279852276,53.0220698839574,2.69121545416576,0.0455254107326775,"FA22.5_w6",0.159338937564371
"time12 - time18","HCC1143","Control",0.349904107878529,0.50376919808214,55.0269585237316,0.694572254934645,0.898735100975108,"FA22.5_w6",1
"time12 - time22","HCC1143","Control",0.912448484844219,0.470404279852276,53.0220698839563,1.93971127373833,0.224147917350821,"FA22.5_w6",0.664532649087141
"time18 - time22","HCC1143","Control",0.56254437696569,0.503769198082139,55.0269585237316,1.11667084670383,0.680902242384977,"FA22.5_w6",1
"time0 - time12","HCC38","Control",2.79913576686507,0.470404279852276,53.0220698839556,5.95048958258649,1.28007417177223e-06,"FA22.5_w6",7.1134075154592e-06
"time0 - time18","HCC38","Control",2.79913576686506,0.470404279852276,53.0220698839556,5.95048958258649,1.28007417188325e-06,"FA22.5_w6",7.1134075154592e-06
"time0 - time22","HCC38","Control",4.05150794195621,0.470404279852276,53.0220698839556,8.61282117422174,6.89281964838528e-11,"FA22.5_w6",6.43329833849293e-10
"time12 - time18","HCC38","Control",-2.38697950294409e-15,0.470404279852276,53.0220698839558,-5.07431502046216e-15,1,"FA22.5_w6",1
"time12 - time22","HCC38","Control",1.25237217509114,0.470404279852276,53.0220698839558,2.66233159163525,0.0488219447002226,"FA22.5_w6",0.14823048270429
"time18 - time22","HCC38","Control",1.25237217509114,0.470404279852276,53.0220698839558,2.66233159163525,0.0488219447002221,"FA22.5_w6",0.14823048270429
"time0 - time12","HCC1143","Migration",0.415687389467228,0.429418392036774,53.0220698839562,0.968024186145316,0.768082738735822,"FA22.5_w6",1
"time0 - time18","HCC1143","Migration",1.05702020722639,0.429418392036774,53.0220698839562,2.46151591740828,0.0779716750569157,"FA22.5_w6",0.297710032035496
"time0 - time22","HCC1143","Migration",1.06006215798576,0.429418392036774,53.022069883956,2.46859980299814,0.0767365486562621,"FA22.5_w6",0.297501696328893
"time12 - time18","HCC1143","Migration",0.641332817759159,0.429418392036774,53.022069883956,1.49349173126296,0.448561278606166,"FA22.5_w6",1
"time12 - time22","HCC1143","Migration",0.64437476851853,0.429418392036774,53.0220698839558,1.50057561685282,0.44437954603956,"FA22.5_w6",1
"time18 - time22","HCC1143","Migration",0.00304195075937061,0.429418392036774,53.022069883956,0.00708388558986106,0.999999870527324,"FA22.5_w6",1
"time0 - time12","HCC38","Migration",1.77155943667995,0.429418392036774,53.0220698839558,4.12548570236423,0.000737793600656733,"FA22.5_w6",0.00299877398976608
"time0 - time18","HCC38","Migration",3.17938591904932,0.429418392036774,53.0220698839558,7.40393513181674,6.00383509574698e-09,"FA22.5_w6",4.44990130625953e-08
"time0 - time22","HCC38","Migration",2.88367149525486,0.429418392036774,53.0220698839558,6.7152957319255,7.68157053521179e-08,"FA22.5_w6",5.09409414440361e-07
"time12 - time18","HCC38","Migration",1.40782648236938,0.429418392036774,53.0220698839558,3.27844942945251,0.00968989328677317,"FA22.5_w6",0.0329980149765789
"time12 - time22","HCC38","Migration",1.11211205857491,0.429418392036774,53.0220698839556,2.58981002956126,0.0580267752939601,"FA22.5_w6",0.153923656569241
"time18 - time22","HCC38","Migration",-0.295714423794467,0.429418392036774,53.0220698839556,-0.688639399891244,0.900984837417214,"FA22.5_w6",1
"time0 - time12","HCC1143","Control",-0.246501032446288,0.773765842785437,53.0604982206408,-0.318573163631677,0.988685828679618,"FA22.6_w3",1
"time0 - time18","HCC1143","Control",0.019710675248362,0.82330389435598,56.0318270390646,0.0239409474235275,0.999995006837115,"FA22.6_w3",1
"time0 - time22","HCC1143","Control",0.267299095042516,0.773765842785438,53.0604982206408,0.345452177212012,0.985674084268222,"FA22.6_w3",1
"time12 - time18","HCC1143","Control",0.26621170769465,0.82330389435598,56.0318270390646,0.323345619423908,0.98819117969715,"FA22.6_w3",1
"time12 - time22","HCC1143","Control",0.513800127488804,0.773765842785438,53.0604982206404,0.664025340843688,0.910103268971363,"FA22.6_w3",1
"time18 - time22","HCC1143","Control",0.247588419794154,0.823303894355981,56.0318270390646,0.300725432603264,0.990447558789856,"FA22.6_w3",1
"time0 - time12","HCC38","Control",1.9068445090371,0.773765842785438,53.0604982206406,2.46436893902263,0.0774636560250244,"FA22.6_w3",0.216898236870068
"time0 - time18","HCC38","Control",2.47703323580317,0.773765842785438,53.0604982206406,3.20126981424539,0.0120230464420451,"FA22.6_w3",0.0432829671913624
"time0 - time22","HCC38","Control",2.75004343076442,0.773765842785437,53.0604982206408,3.55410290646158,0.00435530853408439,"FA22.6_w3",0.0174212341363376
"time12 - time18","HCC38","Control",0.570188726766063,0.773765842785438,53.0604982206406,0.736900875222756,0.881772660615049,"FA22.6_w3",1
"time12 - time22","HCC38","Control",0.843198921727316,0.773765842785438,53.0604982206406,1.08973396743895,0.697282385042616,"FA22.6_w3",1
"time18 - time22","HCC38","Control",0.273010194961253,0.773765842785438,53.0604982206406,0.352833092216191,0.984766815824539,"FA22.6_w3",1
"time0 - time12","HCC1143","Migration",-0.275770209228928,0.706348343867633,53.0604982206408,-0.39041672798288,0.979585950322536,"FA22.6_w3",1
"time0 - time18","HCC1143","Migration",0.105457122809836,0.706348343867634,53.0604982206406,0.1492990303232,0.998798544484165,"FA22.6_w3",1
"time0 - time22","HCC1143","Migration",0.18935497335339,0.706348343867634,53.0604982206404,0.268075907584876,0.993179426703406,"FA22.6_w3",1
"time12 - time18","HCC1143","Migration",0.381227332038764,0.706348343867634,53.0604982206406,0.53971575830608,0.948892803334928,"FA22.6_w3",1
"time12 - time22","HCC1143","Migration",0.465125182582318,0.706348343867634,53.0604982206406,0.658492635567756,0.912088366320069,"FA22.6_w3",1
"time18 - time22","HCC1143","Migration",0.083897850543554,0.706348343867634,53.0604982206404,0.118776877261676,0.999393071218971,"FA22.6_w3",1
"time0 - time12","HCC38","Migration",1.35684732495055,0.706348343867634,53.0604982206408,1.92093226625419,0.231728082745707,"FA22.6_w3",0.521388186177842
"time0 - time18","HCC38","Migration",1.97416742037806,0.706348343867634,53.0604982206404,2.79489212018031,0.0352355108812135,"FA22.6_w3",0.106980105326094
"time0 - time22","HCC38","Migration",4.12711165152213,0.706348343867634,53.0604982206406,5.84288430397386,1.89057603050546e-06,"FA22.6_w3",1.0357068688856e-05
"time12 - time18","HCC38","Migration",0.617320095427512,0.706348343867634,53.0604982206408,0.873959853926117,0.818259352874493,"FA22.6_w3",1
"time12 - time22","HCC38","Migration",2.77026432657158,0.706348343867633,53.060498220641,3.92195203771967,0.00141124195365017,"FA22.6_w3",0.00547127649722834
"time18 - time22","HCC38","Migration",2.15294423114407,0.706348343867635,53.0604982206404,3.04799218379355,0.0182674619771463,"FA22.6_w3",0.0597844210161153
"time0 - time12","HCC1143","Control",2.28673619775462e-13,0.206688300062273,53.0604982144195,1.10636944474634e-12,1,"GCDCA",1
"time0 - time18","HCC1143","Control",2.35400640654054e-13,0.219920902551318,56.0318269257538,1.07038775270179e-12,1,"GCDCA",1
"time0 - time22","HCC1143","Control",2.24965267662787e-13,0.206688300062273,53.06049821442,1.08842768359413e-12,1,"GCDCA",1
"time12 - time18","HCC1143","Control",6.72702087859225e-15,0.219920902551318,56.0318269257538,3.0588365182898e-14,1,"GCDCA",1
"time12 - time22","HCC1143","Control",-3.70835211267517e-15,0.206688300062272,53.0604982144197,-1.79417611522176e-14,1,"GCDCA",1
"time18 - time22","HCC1143","Control",-1.04353729912674e-14,0.219920902551318,56.0318269257536,-4.74505736844744e-14,1,"GCDCA",1
"time0 - time12","HCC38","Control",-5.95178139178234e-14,0.206688300062273,53.06049821442,-2.87959279262016e-13,1,"GCDCA",1
"time0 - time18","HCC38","Control",-5.80938078095652e-14,0.206688300062273,53.06049821442,-2.81069648316147e-13,1,"GCDCA",1
"time0 - time22","HCC38","Control",-5.86305581893268e-14,0.206688300062273,53.06049821442,-2.83666555734708e-13,1,"GCDCA",1
"time12 - time18","HCC38","Control",1.42400610825818e-15,0.206688300062272,53.0604982144197,6.88963094586943e-15,1,"GCDCA",1
"time12 - time22","HCC38","Control",8.87255728496643e-16,0.206688300062272,53.0604982144197,4.29272352730815e-15,1,"GCDCA",1
"time18 - time22","HCC38","Control",-5.36750379761535e-16,0.206688300062272,53.0604982144198,-2.59690741856128e-15,1,"GCDCA",1
"time0 - time12","HCC1143","Migration",-5.8034114900988e-14,0.188679740527505,53.06049821442,-3.07580001640547e-13,1,"GCDCA",1
"time0 - time18","HCC1143","Migration",-5.60872548348502e-14,0.188679740527505,53.06049821442,-2.97261670373529e-13,1,"GCDCA",1
"time0 - time22","HCC1143","Migration",-5.50030008975509e-14,0.188679740527505,53.0604982144202,-2.91515139589312e-13,1,"GCDCA",1
"time12 - time18","HCC1143","Migration",1.94686006613774e-15,0.188679740527505,53.0604982144198,1.03183312670177e-14,1,"GCDCA",1
"time12 - time22","HCC1143","Migration",3.03111400343709e-15,0.188679740527505,53.0604982144198,1.60648620512345e-14,1,"GCDCA",1
"time18 - time22","HCC1143","Migration",1.08425393729935e-15,0.188679740527505,53.0604982144198,5.74653078421683e-15,1,"GCDCA",1
"time0 - time12","HCC38","Migration",-0.502752742541643,0.188679740527505,53.0604982144197,-2.66458254148571,0.0485504396165356,"GCDCA",0.134447371245791
"time0 - time18","HCC38","Migration",-0.502752742541644,0.188679740527505,53.0604982144197,-2.66458254148571,0.0485504396165352,"GCDCA",0.134447371245791
"time0 - time22","HCC38","Migration",-0.502752742541643,0.188679740527505,53.0604982144197,-2.66458254148571,0.048550439616535,"GCDCA",0.134447371245791
"time12 - time18","HCC38","Migration",-1.13570177567857e-15,0.188679740527505,53.0604982144197,-6.01920361191618e-15,1,"GCDCA",1
"time12 - time22","HCC38","Migration",-6.99960922556642e-16,0.188679740527505,53.0604982144197,-3.70978315212705e-15,1,"GCDCA",1
"time18 - time22","HCC38","Migration",4.35740853121924e-16,0.188679740527505,53.0604982144198,2.30942045978913e-15,1,"GCDCA",1
"time0 - time12","HCC1143","Control",-0.00773319275470712,0.105468605234422,53.0604982206413,-0.0733222245379918,0.999856731771365,"GLCA",1
"time0 - time18","HCC1143","Control",-0.109036789376106,0.112220918293846,56.0318270390654,-0.971626244321027,0.766048318755983,"GLCA",1
"time0 - time22","HCC1143","Control",-0.210405824037022,0.105468605234422,53.0604982206406,-1.99496166247158,0.202817136889853,"GLCA",0.615782150557144
"time12 - time18","HCC1143","Control",-0.101303596621399,0.112220918293846,56.0318270390646,-0.902715805231069,0.803422483621174,"GLCA",1
"time12 - time22","HCC1143","Control",-0.202672631282315,0.105468605234422,53.0604982206404,-1.92163943793359,0.231439143635535,"GLCA",0.670375450530515
"time18 - time22","HCC1143","Control",-0.101369034660916,0.112220918293846,56.0318270390644,-0.903298923249629,0.803116665073706,"GLCA",1
"time0 - time12","HCC38","Control",-0.0222260143901383,0.105468605234422,53.060498220641,-0.210735833101586,0.99665066323242,"GLCA",1
"time0 - time18","HCC38","Control",-0.100552204158193,0.105468605234422,53.0604982206406,-0.953385170257044,0.776190315015605,"GLCA",1
"time0 - time22","HCC38","Control",-0.0822369248987184,0.105468605234422,53.060498220641,-0.779728950771015,0.863293582349133,"GLCA",1
"time12 - time18","HCC38","Control",-0.0783261897680543,0.105468605234422,53.0604982206406,-0.742649337155457,0.87936901279593,"GLCA",1
"time12 - time22","HCC38","Control",-0.0600109105085802,0.105468605234422,53.0604982206406,-0.568993117669429,0.940857983150141,"GLCA",1
"time18 - time22","HCC38","Control",0.0183152792594741,0.105468605234422,53.0604982206406,0.173656219486028,0.998115232220073,"GLCA",1
"time0 - time12","HCC1143","Migration",-0.00809227637502496,0.0962792236591674,53.0604982206406,-0.0840500792120215,0.999784341260791,"GLCA",1
"time0 - time18","HCC1143","Migration",-0.132808460107573,0.0962792236591675,53.0604982206406,-1.37940933734282,0.517627686681938,"GLCA",1
"time0 - time22","HCC1143","Migration",-0.145850634677978,0.0962792236591675,53.0604982206406,-1.51487132046572,0.43598074335458,"GLCA",1
"time12 - time18","HCC1143","Migration",-0.124716183732548,0.0962792236591675,53.0604982206404,-1.2953592581308,0.569916517263039,"GLCA",1
"time12 - time22","HCC1143","Migration",-0.137758358302953,0.0962792236591676,53.0604982206404,-1.4308212412537,0.486139739168027,"GLCA",1
"time18 - time22","HCC1143","Migration",-0.0130421745704045,0.0962792236591676,53.0604982206404,-0.135461983122904,0.999101194736412,"GLCA",1
"time0 - time12","HCC38","Migration",-0.164703532805795,0.0962792236591675,53.0604982206406,-1.71068613295899,0.328403449040584,"GLCA",0.71342818239851
"time0 - time18","HCC38","Migration",-0.125222390720731,0.0962792236591675,53.0604982206406,-1.30061695515975,0.566628085123009,"GLCA",1
"time0 - time22","HCC38","Migration",-0.0616651010238834,0.0962792236591676,53.0604982206404,-0.640481909598486,0.918385221844588,"GLCA",1
"time12 - time18","HCC38","Migration",0.0394811420850638,0.0962792236591676,53.0604982206406,0.410069177799238,0.976490006057535,"GLCA",1
"time12 - time22","HCC38","Migration",0.103038431781912,0.0962792236591676,53.0604982206406,1.0702042233605,0.708990998644057,"GLCA",1
"time18 - time22","HCC38","Migration",0.0635572896968478,0.0962792236591676,53.0604982206404,0.660135045561265,0.911501563017938,"GLCA",1
"time0 - time12","HCC1143","Control",-0.333596902674383,0.177672403474243,53.0305984657955,-1.87759548557435,0.249911817901691,"HCA",0.715656569445751
"time0 - time18","HCC1143","Control",-0.425255065784233,0.189953319859874,55.3248397041377,-2.2387345801481,0.125547694902844,"HCA",0.405615629686112
"time0 - time22","HCC1143","Control",-0.501285901505327,0.177672403474243,53.0305984657955,-2.82140552895711,0.0329655941734647,"HCA",0.120396083068306
"time12 - time18","HCC1143","Control",-0.0916581631098502,0.189953319859874,55.3248397041382,-0.482529935130721,0.962658751259841,"HCA",1
"time12 - time22","HCC1143","Control",-0.167688998830944,0.177672403474243,53.030598465796,-0.943810043382758,0.781437870411859,"HCA",1
"time18 - time22","HCC1143","Control",-0.0760308357210936,0.189953319859874,55.3248397041382,-0.400260631281309,0.978078647584868,"HCA",1
"time0 - time12","HCC38","Control",0.220664573688623,0.177672403474243,53.0305984657962,1.24197438304262,0.603338764011273,"HCA",1
"time0 - time18","HCC38","Control",-0.0506317560222541,0.177672403474243,53.0305984657962,-0.284972539528876,0.991836730064698,"HCA",1
"time0 - time22","HCC38","Control",-0.0825092867445301,0.177672403474243,53.0305984657962,-0.464389996032735,0.966478933597077,"HCA",1
"time12 - time18","HCC38","Control",-0.271296329710877,0.177672403474243,53.0305984657964,-1.5269469225715,0.428943953249448,"HCA",0.817648486010638
"time12 - time22","HCC38","Control",-0.303173860433153,0.177672403474243,53.0305984657962,-1.70636437907536,0.330614336339959,"HCA",0.694290106313913
"time18 - time22","HCC38","Control",-0.031877530722276,0.177672403474243,53.0305984657962,-0.179417456503859,0.997923006091506,"HCA",1
"time0 - time12","HCC1143","Migration",-0.0927269051901174,0.162191972048337,53.0305984657964,-0.571710819093333,0.940077455746967,"HCA",1
"time0 - time18","HCC1143","Migration",-0.0780551459255228,0.162191972048337,53.0305984657965,-0.481251599199131,0.962923020839825,"HCA",1
"time0 - time22","HCC1143","Migration",0.0226849310365027,0.162191972048337,53.0305984657965,0.139864697062455,0.999011144697543,"HCA",1
"time12 - time18","HCC1143","Migration",0.0146717592645946,0.162191972048337,53.0305984657962,0.0904592198942011,0.999731266240421,"HCA",1
"time12 - time22","HCC1143","Migration",0.11541183622662,0.162191972048337,53.0305984657962,0.711575516155787,0.892071874331211,"HCA",1
"time18 - time22","HCC1143","Migration",0.100740076962026,0.162191972048337,53.0305984657962,0.621116296261586,0.924871652442113,"HCA",1
"time0 - time12","HCC38","Migration",-0.00163847305892736,0.162191972048337,53.0305984657962,-0.0101020601589274,0.999999624522886,"HCA",1
"time0 - time18","HCC38","Migration",-0.0728533920446358,0.162191972048337,53.0305984657962,-0.449180012577466,0.969502032003395,"HCA",1
"time0 - time22","HCC38","Migration",-0.137916484045154,0.162191972048337,53.0305984657964,-0.850328671039598,0.830085191262695,"HCA",1
"time12 - time18","HCC38","Migration",-0.0712149189857084,0.162191972048337,53.0305984657964,-0.439077952418538,0.971414377666641,"HCA",1
"time12 - time22","HCC38","Migration",-0.136278010986226,0.162191972048337,53.0305984657962,-0.840226610880671,0.83503581442619,"HCA",1
"time18 - time22","HCC38","Migration",-0.065063092000518,0.162191972048337,53.0305984657962,-0.401148658462132,0.977928894631153,"HCA",1
"time0 - time12","HCC1143","Control",-0.332915122733977,0.729558437095651,53.04530226896,-0.456324134992259,0.968103809769261,"PGE2",1
"time0 - time18","HCC1143","Control",-1.82884205321191,0.778029964104314,55.7196850527461,-2.35060619460501,0.0989671575153424,"PGE2",0.33252964925155
"time0 - time22","HCC1143","Control",-0.954625157372712,0.729558437095652,53.0453022689605,-1.3084971797092,0.561703264997022,"PGE2",1
"time12 - time18","HCC1143","Control",-1.49592693047794,0.778029964104313,55.7196850527463,-1.92271120585964,0.230415796518115,"PGE2",0.670375450530515
"time12 - time22","HCC1143","Control",-0.621710034638735,0.729558437095651,53.0453022689598,-0.852173044716942,0.829174511396036,"PGE2",1
"time18 - time22","HCC1143","Control",0.874216895839201,0.778029964104314,55.7196850527461,1.12362882687381,0.676634246615871,"PGE2",1
"time0 - time12","HCC38","Control",-4.31560096818461,0.729558437095651,53.0453022689596,-5.91536023538414,1.45313262989166e-06,"PGE2",7.79126431346168e-06
"time0 - time18","HCC38","Control",-4.83193844192227,0.729558437095651,53.0453022689595,-6.62309994132625,1.07809825289351e-07,"PGE2",6.96617332638884e-07
"time0 - time22","HCC38","Control",-4.75183085600553,0.729558437095651,53.0453022689595,-6.51329710464651,1.6172860684005e-07,"PGE2",1.01889022309232e-06
"time12 - time18","HCC38","Control",-0.51633747373766,0.729558437095651,53.0453022689596,-0.707739705942107,0.89359029427972,"PGE2",1
"time12 - time22","HCC38","Control",-0.436229887820919,0.729558437095651,53.0453022689596,-0.597936869262366,0.932246738495399,"PGE2",1
"time18 - time22","HCC38","Control",0.0801075859167408,0.729558437095651,53.0453022689598,0.109802836679741,0.999520115330478,"PGE2",1
"time0 - time12","HCC1143","Migration",-2.19540882567415,0.66599268835917,53.0453022689596,-3.2964458379912,0.00920731202857239,"PGE2",0.0414329041285758
"time0 - time18","HCC1143","Migration",-2.58239684148872,0.66599268835917,53.0453022689595,-3.87751530403594,0.00162280347192045,"PGE2",0.0088901407592164
"time0 - time22","HCC1143","Migration",-2.29290257579435,0.66599268835917,53.0453022689593,-3.44283445730231,0.0060449531331821,"PGE2",0.029869180187488
"time12 - time18","HCC1143","Migration",-0.386988015814566,0.66599268835917,53.0453022689596,-0.581069466044744,0.93734579641255,"PGE2",1
"time12 - time22","HCC1143","Migration",-0.0974937501201971,0.66599268835917,53.0453022689596,-0.146388619311116,0.998867056937085,"PGE2",1
"time18 - time22","HCC1143","Migration",0.289494265694369,0.66599268835917,53.0453022689598,0.434680846733628,0.972223254144323,"PGE2",1
"time0 - time12","HCC38","Migration",-3.12912403190468,0.66599268835917,53.0453022689593,-4.69843601378569,0.000109388346096861,"PGE2",0.000475273503731191
"time0 - time18","HCC38","Migration",-3.33529723145482,0.66599268835917,53.0453022689593,-5.00800878110555,3.74713167774487e-05,"PGE2",0.000178165506187115
"time0 - time22","HCC38","Migration",-3.24320706095002,0.66599268835917,53.0453022689595,-4.8697337337748,6.06473693787191e-05,"PGE2",0.000272913162204236
"time12 - time18","HCC38","Migration",-0.206173199550141,0.66599268835917,53.0453022689593,-0.309572767319859,0.989594860159268,"PGE2",1
"time12 - time22","HCC38","Migration",-0.114083029045344,0.66599268835917,53.0453022689595,-0.17129771998911,0.998190399225177,"PGE2",1
"time18 - time22","HCC38","Migration",0.0920901705047972,0.665992688359171,53.0453022689596,0.138275047330749,0.999044316283305,"PGE2",1
"time0 - time12","HCC1143","Control",0.436682304893808,0.461160512381356,53.0604982206411,0.946920417446093,0.779738100754853,"PGK2",1
"time0 - time18","HCC1143","Control",-0.0125159313921134,0.490684939516065,56.031827039065,-0.0255070624430762,0.999993961629115,"PGK2",1
"time0 - time22","HCC1143","Control",0.96040879105124,0.461160512381356,53.0604982206406,2.08259112665967,0.172046141736631,"PGK2",0.535254663180629
"time12 - time18","HCC1143","Control",-0.449198236285921,0.490684939516066,56.0318270390646,-0.915451443708338,0.796700672558452,"PGK2",1
"time12 - time22","HCC1143","Control",0.523726486157432,0.461160512381357,53.0604982206406,1.13567070921358,0.669350122805163,"PGK2",1
"time18 - time22","HCC1143","Control",0.972924722443353,0.490684939516066,56.0318270390646,1.98278904464215,0.206715191468477,"PGK2",0.62014557440543
"time0 - time12","HCC38","Control",0.44719546644003,0.461160512381357,53.0604982206406,0.969717602512813,0.767138040247001,"PGK2",1
"time0 - time18","HCC38","Control",-0.364663205779604,0.461160512381357,53.0604982206406,-0.790751150605985,0.858328515339499,"PGK2",1
"time0 - time22","HCC38","Control",-0.16564554069088,0.461160512381357,53.060498220641,-0.359192810840447,0.983956594985816,"PGK2",1
"time12 - time18","HCC38","Control",-0.811858672219633,0.461160512381357,53.0604982206404,-1.7604687531188,0.30361252678874,"PGK2",0.654881921074073
"time12 - time22","HCC38","Control",-0.61284100713091,0.461160512381357,53.0604982206406,-1.32891041335326,0.54896106348727,"PGK2",0.959690770085748
"time18 - time22","HCC38","Control",0.199017665088723,0.461160512381357,53.0604982206406,0.431558339765538,0.972789050177371,"PGK2",1
"time0 - time12","HCC1143","Migration",-0.605408916906058,0.420980025436516,53.0604982206406,-1.43809416201709,0.481728552365866,"PGK2",1
"time0 - time18","HCC1143","Migration",-0.17152548581689,0.420980025436516,53.0604982206406,-0.407443288167971,0.976919471753123,"PGK2",1
"time0 - time22","HCC1143","Migration",-0.502828956616333,0.420980025436516,53.0604982206406,-1.19442473807385,0.633025051195619,"PGK2",1
"time12 - time18","HCC1143","Migration",0.433883431089168,0.420980025436516,53.0604982206406,1.03065087384911,0.732334894471743,"PGK2",1
"time12 - time22","HCC1143","Migration",0.102579960289724,0.420980025436516,53.0604982206404,0.243669423943235,0.994852630269741,"PGK2",1
"time18 - time22","HCC1143","Migration",-0.331303470799443,0.420980025436516,53.0604982206406,-0.786981449905879,0.860036049789198,"PGK2",1
"time0 - time12","HCC38","Migration",-0.331221198861259,0.420980025436516,53.060498220641,-0.7867860203529,0.860124305640691,"PGK2",1
"time0 - time18","HCC38","Migration",-0.757133055423847,0.420980025436516,53.0604982206404,-1.79850113942763,0.285450040989153,"PGK2",0.630994827449708
"time0 - time22","HCC38","Migration",-0.658803421912544,0.420980025436516,53.0604982206406,-1.56492798257929,0.40710592689772,"PGK2",0.834070679497767
"time12 - time18","HCC38","Migration",-0.425911856562588,0.420980025436516,53.0604982206404,-1.01171511907473,0.743312868201281,"PGK2",1
"time12 - time22","HCC38","Migration",-0.327582223051285,0.420980025436516,53.0604982206404,-0.778141962226387,0.864001526055259,"PGK2",1
"time18 - time22","HCC38","Migration",0.0983296335113035,0.420980025436516,53.0604982206404,0.233573156848345,0.995457705225744,"PGK2",1
"time0 - time12","HCC1143","Control",0.0258087389160883,0.0720730381241995,53.0604982206399,0.358091452612466,0.984098808915098,"TCA",1
"time0 - time18","HCC1143","Control",-0.0833712942378586,0.0766872995480297,56.031827039064,-1.08715908278453,0.698757450440201,"TCA",1
"time0 - time22","HCC1143","Control",-0.0797423945824146,0.0720730381241995,53.0604982206397,-1.10641089452895,0.687200733925509,"TCA",1
"time12 - time18","HCC1143","Control",-0.109180033153947,0.0766872995480298,56.0318270390648,-1.42370423521781,0.490154266212424,"TCA",1
"time12 - time22","HCC1143","Control",-0.105551133498503,0.0720730381241997,53.0604982206406,-1.46450234714141,0.465816201616537,"TCA",1
"time18 - time22","HCC1143","Control",0.00362889965544398,0.0766872995480298,56.0318270390646,0.0473207385946766,0.999961468097509,"TCA",1
"time0 - time12","HCC38","Control",0.0550237420323806,0.0720730381241996,53.0604982206408,0.763444187513798,0.870474163662759,"TCA",1
"time0 - time18","HCC38","Control",-0.117097232450977,0.0720730381241996,53.0604982206406,-1.6247023227908,0.373793883711105,"TCA",0.747587767422211
"time0 - time22","HCC38","Control",-0.0585409021633677,0.0720730381241996,53.060498220641,-0.812244130218117,0.848408558749492,"TCA",1
"time12 - time18","HCC38","Control",-0.172120974483358,0.0720730381241997,53.0604982206406,-2.3881465103046,0.091761357184012,"TCA",0.254108373740341
"time12 - time22","HCC38","Control",-0.113564644195748,0.0720730381241997,53.0604982206404,-1.57568831773191,0.401011011805325,"TCA",0.78337034864296
"time18 - time22","HCC38","Control",0.0585563302876096,0.0720730381241997,53.0604982206404,0.812458192572687,0.848308201225697,"TCA",1
"time0 - time12","HCC1143","Migration",-0.0315873030963774,0.0657933812809233,53.0604982206406,-0.480098491389378,0.963173296702202,"TCA",1
"time0 - time18","HCC1143","Migration",-0.0556846151130025,0.0657933812809233,53.0604982206406,-0.846355880012329,0.83203983172151,"TCA",1
"time0 - time22","HCC1143","Migration",0.0149753005423011,0.0657933812809233,53.0604982206406,0.227611049177725,0.995792180507089,"TCA",1
"time12 - time18","HCC1143","Migration",-0.0240973120166251,0.0657933812809233,53.0604982206406,-0.36625738862295,0.983025273569359,"TCA",1
"time12 - time22","HCC1143","Migration",0.0465626036386785,0.0657933812809233,53.0604982206406,0.707709540567103,0.893602326011573,"TCA",1
"time18 - time22","HCC1143","Migration",0.0706599156553036,0.0657933812809233,53.0604982206406,1.07396692919005,0.706743855659121,"TCA",1
"time0 - time12","HCC38","Migration",-0.0306285212181871,0.0657933812809233,53.060498220641,-0.465525872388441,0.966246357398292,"TCA",1
"time0 - time18","HCC38","Migration",-0.0375638710585315,0.0657933812809233,53.060498220641,-0.57093692902242,0.94030049362902,"TCA",1
"time0 - time22","HCC38","Migration",-0.00771151551018101,0.0657933812809233,53.0604982206408,-0.117208074126097,0.999416718469753,"TCA",1
"time12 - time18","HCC38","Migration",-0.0069353498403444,0.0657933812809234,53.0604982206408,-0.105411056633979,0.999575267539075,"TCA",1
"time12 - time22","HCC38","Migration",0.0229170057080061,0.0657933812809233,53.060498220641,0.348317798262344,0.985326027709409,"TCA",1
"time18 - time22","HCC38","Migration",0.0298523555483505,0.0657933812809234,53.0604982206404,0.453728854896323,0.968616284677622,"TCA",1
"time0 - time12","HCC1143","Control",2.12517284003829e-13,0.0555378213269666,53.0604982206426,3.82653260293882e-12,1,"TCDCA",1
"time0 - time18","HCC1143","Control",2.1036663345906e-13,0.059093464785079,56.0318270390666,3.55989675379768e-12,1,"TCDCA",1
"time0 - time22","HCC1143","Control",2.17024936311548e-13,0.0555378213269666,53.0604982206422,3.90769625322287e-12,1,"TCDCA",1
"time12 - time18","HCC1143","Control",-2.1506505447688e-15,0.059093464785079,56.0318270390646,-3.63940505534859e-14,1,"TCDCA",1
"time12 - time22","HCC1143","Control",4.50765230771961e-15,0.0555378213269666,53.0604982206406,8.11636502840435e-14,1,"TCDCA",1
"time18 - time22","HCC1143","Control",6.65830285248842e-15,0.059093464785079,56.0318270390646,1.12674098171506e-13,1,"TCDCA",1
"time0 - time12","HCC38","Control",-3.52041054688649e-14,0.0555378213269666,53.0604982206406,-6.33876241950662e-13,1,"TCDCA",1
"time0 - time18","HCC38","Control",-0.116992500144269,0.0555378213269666,53.0604982206404,-2.10653744329476,0.164274845960863,"TCDCA",0.404347360833798
"time0 - time22","HCC38","Control",-0.116992500144271,0.0555378213269666,53.060498220641,-2.10653744329479,0.164274845960854,"TCDCA",0.404347360833798
"time12 - time18","HCC38","Control",-0.116992500144234,0.0555378213269666,53.0604982206406,-2.10653744329412,0.164274845961066,"TCDCA",0.404347360833798
"time12 - time22","HCC38","Control",-0.116992500144236,0.0555378213269666,53.0604982206406,-2.10653744329415,0.164274845961056,"TCDCA",0.404347360833798
"time18 - time22","HCC38","Control",-1.61285915178944e-15,0.0555378213269666,53.0604982206406,-2.90407350028026e-14,1,"TCDCA",1
"time0 - time12","HCC1143","Migration",-2.78183397303219e-14,0.0506988625591185,53.060498220641,-5.48697511662787e-13,1,"TCDCA",1
"time0 - time18","HCC1143","Migration",-3.03112066218315e-14,0.0506988625591185,53.0604982206406,-5.97867586999342e-13,1,"TCDCA",1
"time0 - time22","HCC1143","Migration",-2.9237223316279e-14,0.0506988625591185,53.0604982206406,-5.76684009077843e-13,1,"TCDCA",1
"time12 - time18","HCC1143","Migration",-2.49286689150953e-15,0.0506988625591185,53.0604982206406,-4.91700753365555e-14,1,"TCDCA",1
"time12 - time22","HCC1143","Migration",-1.41888358595711e-15,0.0506988625591186,53.0604982206406,-2.79864974150572e-14,1,"TCDCA",1
"time18 - time22","HCC1143","Migration",1.07398330555242e-15,0.0506988625591185,53.0604982206406,2.11835779214983e-14,1,"TCDCA",1
"time0 - time12","HCC38","Migration",1.75199700378187e-14,0.0506988625591185,53.060498220641,3.4556929196171e-13,1,"TCDCA",1
"time0 - time18","HCC38","Migration",1.90104551024695e-14,0.0506988625591185,53.0604982206406,3.74968079023507e-13,1,"TCDCA",1
"time0 - time22","HCC38","Migration",1.80721594373462e-14,0.0506988625591185,53.0604982206406,3.56460845966174e-13,1,"TCDCA",1
"time12 - time18","HCC38","Migration",1.49048660783371e-15,0.0506988625591185,53.0604982206404,2.93988175000119e-14,1,"TCDCA",1
"time12 - time22","HCC38","Migration",5.52190942710445e-16,0.0506988625591186,53.0604982206404,1.08915844426796e-14,1,"TCDCA",1
"time18 - time22","HCC38","Migration",-9.38295665123268e-16,0.0506988625591186,53.0604982206406,-1.85072330573323e-14,1,"TCDCA",1
"time0 - time12","HCC1143","Control",1.76981921260811e-13,0.0965796145187397,53.0604982193684,1.83249769780838e-12,1,"TDCA",1
"time0 - time18","HCC1143","Control",-0.292481250360409,0.102762836463222,56.0318270158819,-2.84617727990687,0.0305132673525861,"TDCA",0.114766318997786
"time0 - time22","HCC1143","Control",1.79197002159738e-13,0.0965796145187399,53.060498219369,1.85543298192568e-12,1,"TDCA",1
"time12 - time18","HCC1143","Control",-0.292481250360586,0.102762836463222,56.0318270158799,-2.8461772799086,0.0305132673524509,"TDCA",0.114766318997786
"time12 - time22","HCC1143","Control",2.21508089892714e-15,0.0965796145187396,53.0604982193677,2.29352841173055e-14,1,"TDCA",1
"time18 - time22","HCC1143","Control",0.292481250360588,0.102762836463222,56.0318270158799,2.84617727990862,0.0305132673524492,"TDCA",0.114766318997786
"time0 - time12","HCC38","Control",-4.27903606448384e-14,0.0965796145187396,53.0604982193683,-4.43057894339966e-13,1,"TDCA",1
"time0 - time18","HCC38","Control",-4.12447853648246e-14,0.0965796145187396,53.0604982193684,-4.27054773104543e-13,1,"TDCA",1
"time0 - time22","HCC38","Control",-4.78558279340341e-14,0.0965796145187396,53.0604982193683,-4.95506512140287e-13,1,"TDCA",1
"time12 - time18","HCC38","Control",1.54558440698671e-15,0.0965796145187396,53.0604982193677,1.60032157374869e-14,1,"TDCA",1
"time12 - time22","HCC38","Control",-5.06546728919571e-15,0.0965796145187396,53.0604982193677,-5.24486178003211e-14,1,"TDCA",1
"time18 - time22","HCC38","Control",-6.61105545043519e-15,0.0965796145187396,53.0604982193677,-6.84518724099114e-14,1,"TDCA",1
"time0 - time12","HCC1143","Migration",-4.45186869390634e-14,0.0881647224451119,53.0604982193677,-5.04948983044541e-13,1,"TDCA",1
"time0 - time18","HCC1143","Migration",0.0691729165464305,0.088164722445112,53.0604982193677,0.784587243378382,0.861115456245616,"TDCA",1
"time0 - time22","HCC1143","Migration",-4.27930748077054e-14,0.088164722445112,53.0604982193674,-4.85376391156302e-13,1,"TDCA",1
"time12 - time18","HCC1143","Migration",0.0691729165464751,0.0881647224451119,53.0604982193677,0.784587243378888,0.861115456245389,"TDCA",1
"time12 - time22","HCC1143","Migration",1.725612131358e-15,0.0881647224451119,53.0604982193677,1.95725918882386e-14,1,"TDCA",1
"time18 - time22","HCC1143","Migration",-0.0691729165464733,0.0881647224451119,53.0604982193676,-0.784587243378867,0.861115456245398,"TDCA",1
"time0 - time12","HCC38","Migration",2.26730666385444e-14,0.0881647224451119,53.0604982193677,2.57167107316192e-13,1,"TDCA",1
"time0 - time18","HCC38","Migration",2.14828155264968e-14,0.0881647224451119,53.0604982193677,2.43666796998893e-13,1,"TDCA",1
"time0 - time22","HCC38","Migration",2.32936817771338e-14,0.0881647224451119,53.0604982193676,2.64206375646853e-13,1,"TDCA",1
"time12 - time18","HCC38","Migration",-1.19023714495459e-15,0.0881647224451119,53.0604982193674,-1.35001518968722e-14,1,"TDCA",1
"time12 - time22","HCC38","Migration",6.20615138589429e-16,0.0881647224451119,53.0604982193674,7.03926833066141e-15,1,"TDCA",1
"time18 - time22","HCC38","Migration",1.81085795953323e-15,0.0881647224451119,53.0604982193672,2.05394846069028e-14,1,"TDCA",1
"time0 - time12","HCC1143","Control",2.22206091910431e-13,4.40373453944258e-14,53.0553079658615,5.04585573722066,3.28071990904899e-05,"THDCA",0.000229650393633429
"time0 - time18","HCC1143","Control",2.1724231539903e-13,4.68917067243384e-14,55.9335334059406,4.63285153334531,0.000126698246802781,"THDCA",0.000798198954857521
"time0 - time22","HCC1143","Control",2.22852039852031e-13,4.40373453944258e-14,53.0553079658608,5.06052392250328,3.1161428843629e-05,"THDCA",0.000229650393633429
"time12 - time18","HCC1143","Control",-4.96377651140175e-15,4.68917067243384e-14,55.9335334059408,-0.105856170699485,0.999570179757832,"THDCA",1
"time12 - time22","HCC1143","Control",6.45947941600059e-16,4.40373453944258e-14,53.0553079658609,0.0146681852826175,0.999998850628219,"THDCA",1
"time18 - time22","HCC1143","Control",5.60972445300181e-15,4.68917067243384e-14,55.9335334059406,0.119631483792638,0.999380355672815,"THDCA",1
"time0 - time12","HCC38","Control",-4.93504227382473e-14,4.40373453944258e-14,53.0553079658609,-1.12064935559204,0.678538476527142,"THDCA",1
"time0 - time18","HCC38","Control",-4.7929337266727e-14,4.40373453944258e-14,53.0553079658609,-1.08837934797028,0.698098172950144,"THDCA",1
"time0 - time22","HCC38","Control",-4.99963706798475e-14,4.40373453944258e-14,53.0553079658608,-1.13531754087466,0.669566877730732,"THDCA",1
"time12 - time18","HCC38","Control",1.42108547152035e-15,4.40373453944258e-14,53.0553079658611,0.0322700076217634,0.999987765494549,"THDCA",1
"time12 - time22","HCC38","Control",-6.4594794160016e-16,4.40373453944258e-14,53.0553079658611,-0.0146681852826198,0.999998850628219,"THDCA",1
"time18 - time22","HCC38","Control",-2.06703341312051e-15,4.40373453944258e-14,53.0553079658609,-0.0469381929043832,0.999962367035801,"THDCA",1
"time0 - time12","HCC1143","Migration",-5.25370992501409e-14,4.02004124086221e-14,53.0553079658609,-1.30687960899806,0.562713347690022,"THDCA",1
"time0 - time18","HCC1143","Migration",-5.07661426114879e-14,4.02004124086221e-14,53.0553079658609,-1.26282641320863,0.590282922596937,"THDCA",1
"time0 - time22","HCC1143","Migration",-5.30753892014741e-14,4.0200412408622e-14,53.0553079658609,-1.32026976892632,0.554350677248491,"THDCA",1
"time12 - time18","HCC1143","Migration",1.77095663865304e-15,4.02004124086221e-14,53.0553079658611,0.0440531957894344,0.999968885218962,"THDCA",1
"time12 - time22","HCC1143","Migration",-5.38289951333172e-16,4.02004124086221e-14,53.0553079658611,-0.0133901599282529,0.999999125630839,"THDCA",1
"time18 - time22","HCC1143","Migration",-2.30924658998621e-15,4.02004124086221e-14,53.0553079658609,-0.0574433557176873,0.999931052248169,"THDCA",1
"time0 - time12","HCC38","Migration",2.21775459949368e-14,4.02004124086221e-14,53.0553079658611,0.55167458904427,0.945692739220853,"THDCA",1
"time0 - time18","HCC38","Migration",2.09933081020032e-14,4.02004124086221e-14,53.0553079658609,0.522216237202098,0.953372238489782,"THDCA",1
"time0 - time22","HCC38","Migration",2.27158359462701e-14,4.02004124086221e-14,53.0553079658611,0.565064748972527,0.941975459268941,"THDCA",1
"time12 - time18","HCC38","Migration",-1.18423789293361e-15,4.02004124086221e-14,53.0553079658609,-0.0294583518421721,0.999990692256407,"THDCA",1
"time12 - time22","HCC38","Migration",5.38289951333324e-16,4.02004124086221e-14,53.0553079658609,0.0133901599282567,0.999999125630839,"THDCA",1
"time18 - time22","HCC38","Migration",1.72252784426693e-15,4.02004124086221e-14,53.0553079658609,0.0428485117704288,0.999971367469707,"THDCA",1
"time0 - time12","HCC1143","Control",-0.113529357166316,0.0664064308192953,53.0403096706702,-1.70961389982322,0.328953635115848,"TLCA",0.881875702650998
"time0 - time18","HCC1143","Control",-0.0882458122318894,0.0708758102532113,55.5983177972129,-1.24507659124632,0.601245871130109,"TLCA",1
"time0 - time22","HCC1143","Control",-0.094137049145567,0.0664064308192953,53.0403096706695,-1.41758935067196,0.494196918737118,"TLCA",1
"time12 - time18","HCC1143","Control",0.025283544934427,0.0708758102532112,55.5983177972125,0.356730241870942,0.98428149825149,"TLCA",1
"time12 - time22","HCC1143","Control",0.0193923080207494,0.0664064308192952,53.0403096706695,0.292024549151265,0.991229627726565,"TLCA",1
"time18 - time22","HCC1143","Control",-0.00589123691367766,0.0708758102532112,55.5983177972123,-0.0831205582360272,0.999791534501562,"TLCA",1
"time0 - time12","HCC38","Control",-0.0682857034924197,0.0664064308192952,53.0403096706689,-1.02829955849063,0.733705783105454,"TLCA",1
"time0 - time18","HCC38","Control",-0.109292891535656,0.0664064308192951,53.0403096706691,-1.64581788521451,0.362362427987983,"TLCA",0.736413966556223
"time0 - time22","HCC38","Control",-0.123134889663288,0.0664064308192952,53.0403096706688,-1.85426152473639,0.260079048971143,"TLCA",0.585177860185072
"time12 - time18","HCC38","Control",-0.041007188043236,0.0664064308192952,53.0403096706693,-0.617518326723876,0.926044359521203,"TLCA",1
"time12 - time22","HCC38","Control",-0.0548491861708682,0.0664064308192952,53.0403096706693,-0.825961966245761,0.841916231275568,"TLCA",1
"time18 - time22","HCC38","Control",-0.0138419981276322,0.0664064308192952,53.0403096706693,-0.208443639521885,0.996757527424927,"TLCA",1
"time0 - time12","HCC1143","Migration",-0.111879182099721,0.0606205002052238,53.0403096706691,-1.84556679210773,0.263936520933563,"TLCA",0.87515793783234
"time0 - time18","HCC1143","Migration",-0.0824622083359839,0.0606205002052237,53.0403096706691,-1.36030234090477,0.529446907899535,"TLCA",1
"time0 - time22","HCC1143","Migration",0.00310723541464734,0.0606205002052237,53.0403096706689,0.0512571721468506,0.999951001589944,"TLCA",1
"time12 - time18","HCC1143","Migration",0.029416973763737,0.0606205002052237,53.0403096706693,0.485264451202963,0.962044832124922,"TLCA",1
"time12 - time22","HCC1143","Migration",0.114986417514368,0.0606205002052237,53.0403096706691,1.89682396425458,0.241730417239764,"TLCA",0.824083925850508
"time18 - time22","HCC1143","Migration",0.0855694437506313,0.0606205002052237,53.0403096706693,1.41155951305162,0.497879611199928,"TLCA",1
"time0 - time12","HCC38","Migration",-0.0788386850195759,0.0606205002052237,53.0403096706693,-1.30052844751654,0.566684972559511,"TLCA",1
"time0 - time18","HCC38","Migration",-0.158872702289549,0.0606205002052237,53.0403096706693,-2.62077517921667,0.0539243760907414,"TLCA",0.144563221009222
"time0 - time22","HCC38","Migration",-0.0625918982069711,0.0606205002052238,53.0403096706693,-1.03252031895272,0.731244110858783,"TLCA",1
"time12 - time18","HCC38","Migration",-0.0800340172699735,0.0606205002052237,53.0403096706693,-1.32024673170013,0.554366279943456,"TLCA",1
"time12 - time22","HCC38","Migration",0.0162467868126048,0.0606205002052237,53.0403096706691,0.268008128563822,0.993184469552545,"TLCA",1
"time18 - time22","HCC38","Migration",0.0962808040825783,0.0606205002052238,53.0403096706693,1.58825486026395,0.393949446975238,"TLCA",0.830723952099195
"time0 - time12","HCC1143","Control",-2.79422572071631,0.894766291271258,53.0604982206424,-3.1228553734924,0.014919337884258,"delta17_6_keto_PGF1a",0.0681723317635042
"time0 - time18","HCC1143","Control",-2.6519505465877,0.952051035866621,56.0318270390658,-2.78551300999711,0.0355994853335549,"delta17_6_keto_PGF1a",0.128158147200798
"time0 - time22","HCC1143","Control",-2.64588362773156,0.894766291271258,53.060498220642,-2.95706672629828,0.0232460020471628,"delta17_6_keto_PGF1a",0.0960326641948363
"time12 - time18","HCC1143","Control",0.142275174128614,0.95205103586662,56.0318270390646,0.149440700937956,0.998795992280015,"delta17_6_keto_PGF1a",1
"time12 - time22","HCC1143","Control",0.148342092984755,0.894766291271257,53.0604982206406,0.165788647194113,0.998358241173546,"delta17_6_keto_PGF1a",1
"time18 - time22","HCC1143","Control",0.00606691885614108,0.95205103586662,56.0318270390646,0.00637247230199016,0.999999905818202,"delta17_6_keto_PGF1a",1
"time0 - time12","HCC38","Control",-1.37950900667292,0.894766291271258,53.0604982206406,-1.54175343900467,0.420370330903473,"delta17_6_keto_PGF1a",0.80865132357004
"time0 - time18","HCC38","Control",-1.53002814480401,0.894766291271258,53.0604982206404,-1.70997517422141,0.328765648567965,"delta17_6_keto_PGF1a",0.694290106313913
"time0 - time22","HCC38","Control",-1.63871889928527,0.894766291271257,53.0604982206404,-1.8314490781241,0.270274016777076,"delta17_6_keto_PGF1a",0.592252628068028
"time12 - time18","HCC38","Control",-0.150519138131095,0.894766291271258,53.0604982206404,-0.168221735216737,0.99828544317147,"delta17_6_keto_PGF1a",1
"time12 - time22","HCC38","Control",-0.25920989261235,0.894766291271258,53.0604982206404,-0.289695639119431,0.991433272923815,"delta17_6_keto_PGF1a",1
"time18 - time22","HCC38","Control",-0.108690754481254,0.894766291271258,53.0604982206406,-0.121473903902694,0.999350947748764,"delta17_6_keto_PGF1a",1
"time0 - time12","HCC1143","Migration",-0.575226386350273,0.816806135707509,53.0604982206404,-0.704238571680192,0.894966583752359,"delta17_6_keto_PGF1a",1
"time0 - time18","HCC1143","Migration",-0.561594764379877,0.81680613570751,53.0604982206401,-0.687549639785001,0.901398727236285,"delta17_6_keto_PGF1a",1
"time0 - time22","HCC1143","Migration",-0.174065686559746,0.816806135707509,53.0604982206402,-0.213105263232348,0.996537783911045,"delta17_6_keto_PGF1a",1
"time12 - time18","HCC1143","Migration",0.0136316219703967,0.816806135707509,53.0604982206404,0.0166889318951909,0.999998307200556,"delta17_6_keto_PGF1a",1
"time12 - time22","HCC1143","Migration",0.401160699790528,0.816806135707509,53.0604982206404,0.491133308447844,0.960738221968877,"delta17_6_keto_PGF1a",1
"time18 - time22","HCC1143","Migration",0.387529077820131,0.816806135707509,53.0604982206404,0.474444376552653,0.964384836377375,"delta17_6_keto_PGF1a",1
"time0 - time12","HCC38","Migration",-1.29012011661566,0.81680613570751,53.0604982206404,-1.57946917905822,0.398879357952391,"delta17_6_keto_PGF1a",0.830723952099195
"time0 - time18","HCC38","Migration",-1.29488949351156,0.816806135707509,53.0604982206402,-1.58530823521537,0.395597576940436,"delta17_6_keto_PGF1a",0.830723952099195
"time0 - time22","HCC38","Migration",-1.25586455738211,0.816806135707509,53.0604982206406,-1.53753075850035,0.422806905124313,"delta17_6_keto_PGF1a",0.852378720730614
"time12 - time18","HCC38","Migration",-0.00476937689590229,0.81680613570751,53.0604982206402,-0.00583905615715178,0.999999927491338,"delta17_6_keto_PGF1a",1
"time12 - time22","HCC38","Migration",0.0342555592335465,0.816806135707509,53.0604982206408,0.0419384205578655,0.999973152651279,"delta17_6_keto_PGF1a",1
"time18 - time22","HCC38","Migration",0.0390249361294488,0.816806135707509,53.0604982206404,0.0477774767150173,0.999960313326296,"delta17_6_keto_PGF1a",1
"time0 - time12","HCC1143","Control",0.4077012480306,0.221068066897248,53.0278450192386,1.84423401241436,0.26453380657801,"LPA14.0",0.732555156677567
"time0 - time18","HCC1143","Control",0.728408115749256,0.236471737821172,55.2358424908951,3.08031785303706,0.0165072268201564,"LPA14.0",0.0729793185733229
"time0 - time22","HCC1143","Control",1.1664110725371,0.221068066897248,53.0278450192377,5.27625309665028,1.45585908287726e-05,"LPA14.0",0.00012229216296169
"time12 - time18","HCC1143","Control",0.320706867718656,0.236471737821172,55.2358424908961,1.35621647928678,0.53178671395058,"LPA14.0",1
"time12 - time22","HCC1143","Control",0.7587098245065,0.221068066897249,53.0278450192388,3.43201908423592,0.00623947242064171,"LPA14.0",0.030830334313759
"time18 - time22","HCC1143","Control",0.438002956787843,0.236471737821173,55.2358424908961,1.85224230524781,0.260506404869806,"LPA14.0",0.732555156677567
"time0 - time12","HCC38","Control",1.1641352601111,0.221068066897249,53.0278450192388,5.26595847356002,1.51008885582726e-05,"LPA14.0",7.46161552291118e-05
"time0 - time18","HCC38","Control",1.31457793368413,0.221068066897249,53.0278450192391,5.94648495431563,1.29847914964731e-06,"LPA14.0",7.1134075154592e-06
"time0 - time22","HCC38","Control",1.77896355266161,0.221068066897249,53.0278450192389,8.04713035957589,5.57994428440622e-10,"LPA14.0",4.84877917127713e-09
"time12 - time18","HCC38","Control",0.150442673573031,0.221068066897249,53.0278450192389,0.680526480755615,0.904041753141669,"LPA14.0",1
"time12 - time22","HCC38","Control",0.614828292550506,0.221068066897249,53.0278450192388,2.78117188601588,0.0364719340680184,"LPA14.0",0.114886592314258
"time18 - time22","HCC38","Control",0.464385618977474,0.221068066897249,53.0278450192389,2.10064540526026,0.166170054318461,"LPA14.0",0.404347360833798
"time0 - time12","HCC1143","Migration",0.701787989944487,0.201806611639474,53.0278450192391,3.47752724374674,0.0054627573218522,"LPA14.0",0.0275322969021351
"time0 - time18","HCC1143","Migration",0.683911871508657,0.201806611639474,53.0278450192391,3.38894680383645,0.00706873203694358,"LPA14.0",0.0334960687571749
"time0 - time22","HCC1143","Migration",1.29333230511047,0.201806611639474,53.0278450192393,6.40877072660536,2.38110201222774e-07,"LPA14.0",2.40015082832556e-06
"time12 - time18","HCC1143","Migration",-0.0178761184358297,0.201806611639474,53.0278450192388,-0.0885804399102902,0.999747631380091,"LPA14.0",1
"time12 - time22","HCC1143","Migration",0.591544315165988,0.201806611639474,53.0278450192389,2.93124348285862,0.0248724792886076,"LPA14.0",0.104464413012152
"time18 - time22","HCC1143","Migration",0.609420433601817,0.201806611639474,53.0278450192389,3.01982392276891,0.019699139431857,"LPA14.0",0.0841386972343721
"time0 - time12","HCC38","Migration",0.984689856967635,0.201806611639474,53.0278450192393,4.8793736189713,5.86875508576945e-05,"LPA14.0",0.000268895687566164
"time0 - time18","HCC38","Migration",1.50382043150928,0.201806611639474,53.0278450192389,7.45178970744449,5.02660002510424e-09,"LPA14.0",3.83849456462506e-08
"time0 - time22","HCC38","Migration",2.0564040691306,0.201806611639474,53.0278450192389,10.1899737200105,0,"LPA14.0",0
"time12 - time18","HCC38","Migration",0.519130574541643,0.201806611639474,53.0278450192389,2.57241608847319,0.0604433432784564,"LPA14.0",0.158663776105948
"time12 - time22","HCC38","Migration",1.07171421216296,0.201806611639474,53.0278450192391,5.31060010103917,1.28844171455311e-05,"LPA14.0",6.3664178836742e-05
"time18 - time22","HCC38","Migration",0.552583637621319,0.201806611639474,53.0278450192389,2.73818401256598,0.0405782722637552,"LPA14.0",0.120302642476074
"time0 - time12","HCC1143","Control",0.691372884849918,0.130885992374011,53.0281053190648,5.28225268655408,1.42512888535729e-05,"LPA16.1",0.00012229216296169
"time0 - time18","HCC1143","Control",1.01139983137326,0.139998899905252,55.244516773749,7.22434127737968,9.42950306725976e-09,"LPA16.1",1.32013042941637e-07
"time0 - time22","HCC1143","Control",1.60053796274889,0.130885992374012,53.0281053190657,12.2284893418945,0,"LPA16.1",0
"time12 - time18","HCC1143","Control",0.32002694652334,0.139998899905252,55.2445167737501,2.28592472326516,0.113772473548593,"LPA16.1",0.377245570187438
"time12 - time22","HCC1143","Control",0.909165077898971,0.130885992374012,53.0281053190661,6.94623665534045,3.26654496785039e-08,"LPA16.1",4.1158466594915e-07
"time18 - time22","HCC1143","Control",0.589138131375631,0.139998899905252,55.2445167737503,4.20816257680843,0.000539985632779572,"LPA16.1",0.00309264498773755
"time0 - time12","HCC38","Control",1.24578818273633,0.130885992374012,53.0281053190666,9.51811695155617,7.91366971952812e-13,"LPA16.1",1.04960251016899e-11
"time0 - time18","HCC38","Control",1.91676693775561,0.130885992374012,53.0281053190663,14.644553653063,0,"LPA16.1",0
"time0 - time22","HCC38","Control",2.50324823824891,0.130885992374012,53.0281053190664,19.1254097772035,0,"LPA16.1",0
"time12 - time18","HCC38","Control",0.670978755019276,0.130885992374012,53.0281053190664,5.12643670150682,2.47386623071222e-05,"LPA16.1",0.000119887363488361
"time12 - time22","HCC38","Control",1.25746005551258,0.130885992374012,53.0281053190664,9.60729282564737,4.80726569662693e-14,"LPA16.1",6.7301719752777e-13
"time18 - time22","HCC38","Control",0.586481300493303,0.130885992374012,53.0281053190663,4.48085612414054,0.000228750886294593,"LPA16.1",0.000977037683834533
"time0 - time12","HCC1143","Migration",0.726212425165105,0.119482017474492,53.0281053190666,6.07800605074434,8.02811860434183e-07,"LPA16.1",6.74361962764714e-06
"time0 - time18","HCC1143","Migration",1.16435732558202,0.119482017474492,53.0281053190666,9.74504239376939,0,"LPA16.1",0
"time0 - time22","HCC1143","Migration",1.57475012526892,0.119482017474492,53.0281053190664,13.1798086319149,0,"LPA16.1",0
"time12 - time18","HCC1143","Migration",0.438144900416917,0.119482017474492,53.0281053190664,3.66703634302505,0.00310404581773149,"LPA16.1",0.0166429690652838
"time12 - time22","HCC1143","Migration",0.848537700103814,0.119482017474492,53.0281053190663,7.10180258117055,1.83619495164322e-08,"LPA16.1",2.10327785370042e-07
"time18 - time22","HCC1143","Migration",0.410392799686897,0.119482017474492,53.0281053190664,3.4347662381455,0.00618978036537099,"LPA16.1",0.0299966279244902
"time0 - time12","HCC38","Migration",1.19617042513279,0.119482017474492,53.0281053190664,10.0113008669958,0,"LPA16.1",0
"time0 - time18","HCC38","Migration",1.96112053486371,0.119482017474492,53.0281053190663,16.4135204302386,0,"LPA16.1",0
"time0 - time22","HCC38","Migration",2.42984351351667,0.119482017474492,53.0281053190664,20.3364787846456,0,"LPA16.1",0
"time12 - time18","HCC38","Migration",0.764950109730915,0.119482017474492,53.0281053190663,6.40221956324282,2.43924101805959e-07,"LPA16.1",1.57035336374456e-06
"time12 - time22","HCC38","Migration",1.23367308838387,0.119482017474492,53.0281053190663,10.3251779176498,0,"LPA16.1",0
"time18 - time22","HCC38","Migration",0.468722978652958,0.119482017474492,53.0281053190663,3.92295835440695,0.00140751214627721,"LPA16.1",0.00547127649722834
"time0 - time12","HCC1143","Control",0.92167336852478,0.179931810050053,53.0386630136405,5.12234811770299,2.50875955287722e-05,"LPA18.1",0.000197564814789081
"time0 - time18","HCC1143","Control",0.973213776097923,0.192094800920348,55.5557225921999,5.06632023061085,2.79520445510828e-05,"LPA18.1",0.000213451976571905
"time0 - time22","HCC1143","Control",1.75742292079611,0.179931810050053,53.0386630136404,9.76716079445448,0,"LPA18.1",0
"time12 - time18","HCC1143","Control",0.0515404075731436,0.192094800920348,55.5557225922015,0.268307144837901,0.993165870409702,"LPA18.1",1
"time12 - time22","HCC1143","Control",0.835749552271327,0.179931810050053,53.0386630136421,4.64481267675149,0.000131379937107989,"LPA18.1",0.000807505954907642
"time18 - time22","HCC1143","Control",0.784209144698184,0.192094800920348,55.5557225922015,4.08240692065037,0.000810443233599578,"LPA18.1",0.00443981945363247
"time0 - time12","HCC38","Control",1.60189772157927,0.179931810050053,53.0386630136421,8.90280446316664,2.2798762877585e-11,"LPA18.1",2.4979514109354e-10
"time0 - time18","HCC38","Control",1.57577174293014,0.179931810050053,53.038663013642,8.75760513103158,3.98844290927514e-11,"LPA18.1",4.18786505473889e-10
"time0 - time22","HCC38","Control",2.01954879859451,0.179931810050053,53.0386630136423,11.2239675576693,0,"LPA18.1",0
"time12 - time18","HCC38","Control",-0.026125978649121,0.179931810050053,53.0386630136421,-0.145199332135065,0.998894292478362,"LPA18.1",1
"time12 - time22","HCC38","Control",0.417651077015241,0.179931810050053,53.0386630136423,2.32116309450263,0.106066008455379,"LPA18.1",0.28740466807264
"time18 - time22","HCC38","Control",0.443777055664362,0.179931810050053,53.0386630136423,2.4663624266377,0.0771211620757788,"LPA18.1",0.216898236870068
"time0 - time12","HCC1143","Migration",0.773358200898532,0.164254518628581,53.0386630136423,4.7082917861595,0.000105781441440689,"LPA18.1",0.000666423081076339
"time0 - time18","HCC1143","Migration",1.19955064729365,0.164254518628581,53.0386630136421,7.30299937748516,8.70813776643331e-09,"LPA18.1",1.0972253585706e-07
"time0 - time22","HCC1143","Migration",1.57764468843718,0.164254518628582,53.0386630136425,9.60487846306749,6.82787160144471e-14,"LPA18.1",1.32355664889544e-12
"time12 - time18","HCC1143","Migration",0.426192446395123,0.164254518628581,53.0386630136423,2.59470759132566,0.0573578127824548,"LPA18.1",0.229431251129819
"time12 - time22","HCC1143","Migration",0.804286487538649,0.164254518628581,53.0386630136425,4.896586676908,5.52654541561282e-05,"LPA18.1",0.000366497222298534
"time18 - time22","HCC1143","Migration",0.378094041143526,0.164254518628581,53.0386630136423,2.30187908558234,0.110502709367734,"LPA18.1",0.409510040598074
"time0 - time12","HCC38","Migration",1.39411089387681,0.164254518628582,53.0386630136423,8.48750406087288,1.09653619517758e-10,"LPA18.1",1.15136300493646e-09
"time0 - time18","HCC38","Migration",1.63405789809372,0.164254518628581,53.0386630136423,9.94832843404883,0,"LPA18.1",0
"time0 - time22","HCC38","Migration",1.97576472411747,0.164254518628581,53.0386630136423,12.0286780577717,0,"LPA18.1",0
"time12 - time18","HCC38","Migration",0.239947004216914,0.164254518628581,53.0386630136421,1.46082437317594,0.468024727953634,"LPA18.1",0.936049455907268
"time12 - time22","HCC38","Migration",0.581653830240668,0.164254518628581,53.0386630136425,3.54117399689884,0.00452696077709058,"LPA18.1",0.0162970587975261
"time18 - time22","HCC38","Migration",0.341706826023754,0.164254518628581,53.0386630136423,2.08034962372289,0.172792751619848,"LPA18.1",0.410790315171715
"time0 - time12","HCC1143","Control",1.44157411552126,0.371120691713865,53.0604982206411,3.88438087044932,0.0015879295650737,"LPA20.3",0.00833663021663691
"time0 - time18","HCC1143","Control",1.91459821126383,0.39488058772948,56.0318270390654,4.84854984204861,5.95553467989118e-05,"LPA20.3",0.000405620199819616
"time0 - time22","HCC1143","Control",2.94205414550017,0.371120691713865,53.0604982206413,7.92748615528154,8.63919935589763e-10,"LPA20.3",1.8142318647385e-08
"time12 - time18","HCC1143","Control",0.473024095742578,0.394880587729481,56.0318270390646,1.19789149034247,0.630725696707506,"LPA20.3",1
"time12 - time22","HCC1143","Control",1.50048002997892,0.371120691713866,53.0604982206406,4.04310528483221,0.000960798802735252,"LPA20.3",0.00515151698487837
"time18 - time22","HCC1143","Control",1.02745593423634,0.394880587729481,56.0318270390646,2.6019408554472,0.0558147427482402,"LPA20.3",0.192675550308993
"time0 - time12","HCC38","Control",2.37118504017592,0.371120691713865,53.060498220641,6.38925582194189,2.55266392357179e-07,"LPA20.3",1.53159835414307e-06
"time0 - time18","HCC38","Control",2.91857815900916,0.371120691713866,53.0604982206408,7.86422914209102,1.09101583323223e-09,"LPA20.3",9.16453299915076e-09
"time0 - time22","HCC38","Control",3.33265602458744,0.371120691713865,53.060498220641,8.97997901759929,1.67948988050171e-11,"LPA20.3",2.01538785660205e-10
"time12 - time18","HCC38","Control",0.547393118833241,0.371120691713866,53.0604982206404,1.47497332014913,0.45955553481468,"LPA20.3",0.84531383046204
"time12 - time22","HCC38","Control",0.961470984411528,0.371120691713866,53.0604982206404,2.59072319565739,0.0578943375112769,"LPA20.3",0.169643872707463
"time18 - time22","HCC38","Control",0.414077865578287,0.371120691713866,53.0604982206406,1.11574987550827,0.681524452472257,"LPA20.3",1
"time0 - time12","HCC1143","Migration",1.84647723761662,0.338785290681008,53.0604982206408,5.450287507775,7.81109112402145e-06,"LPA20.3",5.78939695074531e-05
"time0 - time18","HCC1143","Migration",2.14474060767156,0.338785290681008,53.0604982206404,6.33067806267597,3.16740047634489e-07,"LPA20.3",2.95624044458857e-06
"time0 - time22","HCC1143","Migration",3.29103131599639,0.338785290681008,53.0604982206404,9.71420957911407,0,"LPA20.3",0
"time12 - time18","HCC1143","Migration",0.29826337005494,0.338785290681008,53.0604982206404,0.880390554900972,0.814983305015407,"LPA20.3",1
"time12 - time22","HCC1143","Migration",1.44455407837978,0.338785290681008,53.0604982206404,4.26392207133908,0.000469672365657536,"LPA20.3",0.00281803419394522
"time18 - time22","HCC1143","Migration",1.14629070832484,0.338785290681008,53.0604982206404,3.38353151643811,0.00717772901939462,"LPA20.3",0.0334960687571749
"time0 - time12","HCC38","Migration",1.92907281997411,0.338785290681008,53.060498220641,5.69408670635135,3.24474245128048e-06,"LPA20.3",1.66872468922996e-05
"time0 - time18","HCC38","Migration",3.15733904435389,0.338785290681008,53.0604982206404,9.31958715801142,3.65296681792415e-12,"LPA20.3",4.38356018150898e-11
"time0 - time22","HCC38","Migration",2.72651196090036,0.338785290681008,53.060498220641,8.04790537221871,5.54145063169642e-10,"LPA20.3",5.37094445841345e-09
"time12 - time18","HCC38","Migration",1.22826622437978,0.338785290681008,53.0604982206406,3.62550045166008,0.00351751248149335,"LPA20.3",0.0132300469453183
"time12 - time22","HCC38","Migration",0.797439140926255,0.338785290681008,53.0604982206404,2.35381866586736,0.0988780119027873,"LPA20.3",0.254257744892882
"time18 - time22","HCC38","Migration",-0.43082708345353,0.338785290681008,53.0604982206406,-1.27168178579272,0.584737319539898,"LPA20.3",1
"time0 - time12","HCC1143","Control",1.7952094693029,0.160855185471051,53.0139284052483,11.1604078167936,0,"LPA20.4",0
"time0 - time18","HCC1143","Control",2.2876613080217,0.1725910796104,54.6582080590082,13.2548061764592,2.47368792116731e-12,"LPA20.4",6.23369356134162e-11
"time0 - time22","HCC1143","Control",3.59813220926716,0.160855185471051,53.0139284052498,22.3687672780354,0,"LPA20.4",0
"time12 - time18","HCC1143","Control",0.492451838718795,0.1725910796104,54.658208059008,2.85328673898116,0.0301577011628954,"LPA20.4",0.114766318997786
"time12 - time22","HCC1143","Control",1.80292273996426,0.160855185471051,53.0139284052491,11.2083594612418,0,"LPA20.4",0
"time18 - time22","HCC1143","Control",1.31047090124546,0.1725910796104,54.6582080590084,7.59292371427115,2.49774367855338e-09,"LPA20.4",3.93394629372157e-08
"time0 - time12","HCC38","Control",2.4400287536271,0.160855185471051,53.0139284052486,15.1691022361616,0,"LPA20.4",0
"time0 - time18","HCC38","Control",2.74046584113657,0.160855185471051,53.0139284052484,17.0368510851009,0,"LPA20.4",0
"time0 - time22","HCC38","Control",3.20912809644585,0.160855185471051,53.0139284052483,19.9504174332223,0,"LPA20.4",0
"time12 - time18","HCC38","Control",0.30043708750947,0.160855185471051,53.0139284052486,1.86774884893928,0.254174338208415,"LPA20.4",0.580867011941912
"time12 - time22","HCC38","Control",0.769099342818754,0.160855185471051,53.0139284052484,4.78131519706071,8.23892757771949e-05,"LPA20.4",0.000391737688601002
"time18 - time22","HCC38","Control",0.468662255309284,0.160855185471051,53.0139284052484,2.91356634812143,0.0260428126861646,"LPA20.4",0.087503850625513
"time0 - time12","HCC1143","Migration",1.60497482682675,0.14684002262362,53.013928405249,10.9300911165114,0,"LPA20.4",0
"time0 - time18","HCC1143","Migration",2.41812256192007,0.14684002262362,53.0139284052484,16.4677348771472,0,"LPA20.4",0
"time0 - time22","HCC1143","Migration",3.34278619017148,0.146840022623619,53.0139284052484,22.7648166381703,0,"LPA20.4",0
"time12 - time18","HCC1143","Migration",0.813147735093317,0.146840022623619,53.0139284052488,5.53764376063588,5.72021366562758e-06,"LPA20.4",4.50466826168172e-05
"time12 - time22","HCC1143","Migration",1.73781136334472,0.14684002262362,53.0139284052484,11.8347255216589,0,"LPA20.4",0
"time18 - time22","HCC1143","Migration",0.924663628251407,0.146840022623619,53.0139284052484,6.29708176102306,3.59581425524169e-07,"LPA20.4",3.23623282971752e-06
"time0 - time12","HCC38","Migration",2.13685026928671,0.146840022623619,53.0139284052484,14.5522333155988,0,"LPA20.4",0
"time0 - time18","HCC38","Migration",2.78925022427125,0.14684002262362,53.0139284052483,18.995163405965,0,"LPA20.4",0
"time0 - time22","HCC38","Migration",2.9907292748807,0.14684002262362,53.0139284052484,20.3672624223611,0,"LPA20.4",0
"time12 - time18","HCC38","Migration",0.652399954984544,0.146840022623619,53.0139284052481,4.44293009036628,0.000259822912436203,"LPA20.4",0.00110975210057497
"time12 - time22","HCC38","Migration",0.85387900559399,0.14684002262362,53.0139284052483,5.81502910676235,2.09754059743439e-06,"LPA20.4",1.12463878841163e-05
"time18 - time22","HCC38","Migration",0.201479050609446,0.14684002262362,53.0139284052483,1.37209901639608,0.522147187691474,"LPA20.4",1
"time0 - time12","HCC1143","Control",1.88322601669748,0.143913848418706,53.0077342131746,13.0857873470132,0,"LPA22.6",0
"time0 - time18","HCC1143","Control",2.8000848187126,0.154691758000584,54.2705139211615,18.1010601657396,1.24344978758018e-12,"LPA22.6",3.48165940522449e-11
"time0 - time22","HCC1143","Control",3.59307285586866,0.143913848418706,53.0077342131743,24.9668318605093,0,"LPA22.6",0
"time12 - time18","HCC1143","Control",0.916858802015123,0.154691758000584,54.270513921161,5.92700486351485,1.29859208330974e-06,"LPA22.6",1.25863540382328e-05
"time12 - time22","HCC1143","Control",1.70984683917119,0.143913848418706,53.0077342131736,11.8810445134961,0,"LPA22.6",0
"time18 - time22","HCC1143","Control",0.792988037156062,0.154691758000584,54.2705139211608,5.12624620345364,2.36341303619936e-05,"LPA22.6",0.000192122608103948
"time0 - time12","HCC38","Control",2.61118344844824,0.143913848418706,53.0077342131737,18.1440735352389,0,"LPA22.6",0
"time0 - time18","HCC38","Control",2.76654078100641,0.143913848418706,53.0077342131739,19.223589747648,0,"LPA22.6",0
"time0 - time22","HCC38","Control",3.44919268560809,0.143913848418706,53.0077342131741,23.9670658766134,0,"LPA22.6",0
"time12 - time18","HCC38","Control",0.155357332558177,0.143913848418706,53.0077342131739,1.07951621240908,0.703423354714573,"LPA22.6",1
"time12 - time22","HCC38","Control",0.838009237159857,0.143913848418706,53.0077342131741,5.82299234137449,2.03839239754089e-06,"LPA22.6",1.07015600870897e-05
"time18 - time22","HCC38","Control",0.68265190460168,0.143913848418706,53.0077342131741,4.74347612896541,9.38499935703163e-05,"LPA22.6",0.000430003606903995
"time0 - time12","HCC1143","Migration",1.85533207589448,0.131374768527174,53.0077342131737,14.1224384004202,0,"LPA22.6",0
"time0 - time18","HCC1143","Migration",2.8113687749936,0.131374768527174,53.0077342131739,21.3996097310884,0,"LPA22.6",0
"time0 - time22","HCC1143","Migration",3.5433563247138,0.131374768527174,53.0077342131739,26.9713611254117,0,"LPA22.6",0
"time12 - time18","HCC1143","Migration",0.95603669909912,0.131374768527174,53.0077342131739,7.27717133066816,9.61179513758736e-09,"LPA22.6",1.15341541651048e-07
"time12 - time22","HCC1143","Migration",1.68802424881931,0.131374768527174,53.0077342131739,12.8489227249915,0,"LPA22.6",0
"time18 - time22","HCC1143","Migration",0.731987549720192,0.131374768527174,53.0077342131739,5.57175139432335,5.06078820006195e-06,"LPA22.6",4.11393105295358e-05
"time0 - time12","HCC38","Migration",2.50422569650337,0.131374768527174,53.0077342131743,19.0616944530363,0,"LPA22.6",0
"time0 - time18","HCC38","Migration",3.13173354612073,0.131374768527174,53.0077342131737,23.8381660438317,0,"LPA22.6",0
"time0 - time22","HCC38","Migration",3.30957269783003,0.131374768527174,53.0077342131739,25.1918441793141,0,"LPA22.6",0
"time12 - time18","HCC38","Migration",0.627507849617363,0.131374768527174,53.0077342131741,4.77647159079535,8.37900364668576e-05,"LPA22.6",0.000370440161221897
"time12 - time22","HCC38","Migration",0.805347001326662,0.131374768527174,53.0077342131741,6.13014972627776,6.64052435928042e-07,"LPA22.6",4.08149302082601e-06
"time18 - time22","HCC38","Migration",0.177839151709299,0.131374768527174,53.0077342131736,1.35367813548241,0.533558553420586,"LPA22.6",1
"time0 - time12","HCC1143","Control",-0.801691964702242,0.176529987662647,53.0604982206424,-4.54139251532887,0.000186438264054511,"LPI18.0",0.00111862958432707
"time0 - time18","HCC1143","Control",-1.44287776842933,0.187831793905604,56.0318270390661,-7.68175471482988,1.54653179151865e-09,"LPI18.0",2.66671503545979e-08
"time0 - time22","HCC1143","Control",-1.12557805480935,0.176529987662647,53.0604982206422,-6.37612945943415,2.67916895335674e-07,"LPI18.0",2.93543728802564e-06
"time12 - time18","HCC1143","Control",-0.641185803727087,0.187831793905604,56.0318270390648,-3.41361699419917,0.00639735526589424,"LPI18.0",0.031002567827026
"time12 - time22","HCC1143","Control",-0.323886090107108,0.176529987662647,53.0604982206406,-1.83473694410528,0.268788394248308,"LPI18.0",0.736246471201888
"time18 - time22","HCC1143","Control",0.317299713619979,0.187831793905604,56.0318270390646,1.68927585166673,0.338886514396288,"LPI18.0",0.898941069766997
"time0 - time12","HCC38","Control",-0.824870825689395,0.176529987662647,53.0604982206406,-4.67269519819909,0.000119392896541837,"LPI18.0",0.000530943372977176
"time0 - time18","HCC38","Control",-1.26658641733791,0.176529987662647,53.0604982206404,-7.17490798083773,1.39632778672905e-08,"LPI18.0",1.00535600644491e-07
"time0 - time22","HCC38","Control",-0.732967425648857,0.176529987662647,53.0604982206408,-4.1520845005075,0.000676448606291569,"LPI18.0",0.0027945089964832
"time12 - time18","HCC38","Control",-0.441715591648517,0.176529987662647,53.0604982206406,-2.50221278263864,0.0710893826960142,"LPI18.0",0.203574141356768
"time12 - time22","HCC38","Control",0.0919034000405387,0.176529987662647,53.0604982206406,0.520610697691591,0.953771210277392,"LPI18.0",1
"time18 - time22","HCC38","Control",0.533618991689056,0.176529987662647,53.0604982206406,3.02282348033023,0.0195383565563455,"LPI18.0",0.0665360250297171
"time0 - time12","HCC1143","Migration",-0.406187746326563,0.161149093864901,53.0604982206408,-2.52057108473157,0.0681604452702491,"LPI18.0",0.268381753251606
"time0 - time18","HCC1143","Migration",-0.427475715314375,0.161149093864901,53.0604982206406,-2.65267216254253,0.0499623566943183,"LPI18.0",0.203072804628519
"time0 - time22","HCC1143","Migration",-0.703734066518588,0.161149093864901,53.0604982206408,-4.36697501450776,0.000334249966682298,"LPI18.0",0.00205441442936437
"time12 - time18","HCC1143","Migration",-0.021287968987812,0.161149093864901,53.0604982206406,-0.132101077810954,0.999166152074689,"LPI18.0",1
"time12 - time22","HCC1143","Migration",-0.297546320192025,0.161149093864901,53.0604982206406,-1.84640392977619,0.263559086620202,"LPI18.0",0.87515793783234
"time18 - time22","HCC1143","Migration",-0.276258351204213,0.161149093864901,53.0604982206406,-1.71430285196523,0.326564407393126,"LPI18.0",1
"time0 - time12","HCC38","Migration",-0.968285662590346,0.161149093864901,53.060498220641,-6.00863237494904,1.03275615848109e-06,"LPI18.0",6.05243144040078e-06
"time0 - time18","HCC38","Migration",-0.978449437690329,0.161149093864901,53.0604982206406,-6.07170300635144,8.19903846815961e-07,"LPI18.0",4.91942308089577e-06
"time0 - time22","HCC38","Migration",-0.957881144332711,0.161149093864901,53.0604982206406,-5.9440678278697,1.30748206472742e-06,"LPI18.0",7.48830637071157e-06
"time12 - time18","HCC38","Migration",-0.0101637750999835,0.161149093864901,53.060498220641,-0.0630706314023971,0.999908764258036,"LPI18.0",1
"time12 - time22","HCC38","Migration",0.0104045182576342,0.161149093864901,53.0604982206408,0.0645645470793453,0.999902133737567,"LPI18.0",1
"time18 - time22","HCC38","Migration",0.0205682933576177,0.161149093864901,53.0604982206404,0.127635178481742,0.999247549063406,"LPI18.0",1
"time0 - time12","HCC1143","Control",-1.81673066697591,0.296738531706791,53.0568959887847,-6.1223281537668,6.81231773214108e-07,"LPI18.1",6.86681627399821e-06
"time0 - time18","HCC1143","Control",-2.19961039556122,0.315899113718874,55.9644292151299,-6.96301540598402,2.38038909694538e-08,"LPI18.1",3.15714764436966e-07
"time0 - time22","HCC1143","Control",-2.30584268615593,0.296738531706791,53.0568959887845,-7.77062106795874,1.54197643542631e-09,"LPI18.1",2.66671503545979e-08
"time12 - time18","HCC1143","Control",-0.38287972858531,0.315899113718874,55.9644292151315,-1.21203166440677,0.621904358659312,"LPI18.1",1
"time12 - time22","HCC1143","Control",-0.489112019180023,0.296738531706791,53.0568959887867,-1.64829291419194,0.361031127529681,"LPI18.1",0.93793653749979
"time18 - time22","HCC1143","Control",-0.106232290594713,0.315899113718874,55.9644292151313,-0.336285497430207,0.986760024146421,"LPI18.1",1
"time0 - time12","HCC38","Control",-1.69878225110744,0.296738531706791,53.0568959887865,-5.72484551074752,2.90314131945468e-06,"LPI18.1",1.49304410714812e-05
"time0 - time18","HCC38","Control",-2.25186252584899,0.296738531706791,53.0568959887867,-7.58870953797824,3.01986136097554e-09,"LPI18.1",2.37814082176824e-08
"time0 - time22","HCC38","Control",-2.56163046449916,0.296738531706791,53.0568959887868,-8.63261825070401,6.37446762041805e-11,"LPI18.1",6.17833015517441e-10
"time12 - time18","HCC38","Control",-0.55308027474155,0.296738531706791,53.0568959887867,-1.86386402723072,0.255858088593461,"LPI18.1",0.580867011941912
"time12 - time22","HCC38","Control",-0.86284821339172,0.296738531706791,53.0568959887867,-2.90777273995648,0.0264300715650591,"LPI18.1",0.0876365530841432
"time18 - time22","HCC38","Control",-0.30976793865017,0.296738531706791,53.0568959887868,-1.04390871272577,0.724569653767494,"LPI18.1",1
"time0 - time12","HCC1143","Migration",-1.42466187378238,0.270883979161286,53.0568959887867,-5.25930650529216,1.54434251560254e-05,"LPI18.1",0.000108103976092178
"time0 - time18","HCC1143","Migration",-1.12779458790479,0.270883979161286,53.0568959887865,-4.16338607914974,0.000652148747859349,"LPI18.1",0.00382189498745479
"time0 - time22","HCC1143","Migration",-1.69591048117165,0.270883979161286,53.0568959887868,-6.26065257318852,4.09928932243453e-07,"LPI18.1",3.56214106639138e-06
"time12 - time18","HCC1143","Migration",0.29686728587759,0.270883979161286,53.0568959887865,1.09592042614242,0.693551125568126,"LPI18.1",1
"time12 - time22","HCC1143","Migration",-0.271248607389274,0.270883979161286,53.0568959887867,-1.00134606789636,0.749264712631993,"LPI18.1",1
"time18 - time22","HCC1143","Migration",-0.568115893266864,0.270883979161286,53.0568959887867,-2.09726649403878,0.167252486397252,"LPI18.1",0.602108951030108
"time0 - time12","HCC38","Migration",-1.6068200518656,0.270883979161286,53.0568959887867,-5.93176479775825,1.36781054593804e-06,"LPI18.1",7.65973905725303e-06
"time0 - time18","HCC38","Migration",-2.08121536541027,0.270883979161286,53.0568959887868,-7.68305077271145,2.13084916378392e-09,"LPI18.1",1.73217415894693e-08
"time0 - time22","HCC38","Migration",-2.32694615758029,0.270883979161286,53.0568959887867,-8.5901948309568,7.4690142959355e-11,"LPI18.1",8.55541637534429e-10
"time12 - time18","HCC38","Migration",-0.474395313544673,0.270883979161286,53.0568959887868,-1.75128597495319,0.308100407597682,"LPI18.1",0.675141762735791
"time12 - time22","HCC38","Migration",-0.72012610571469,0.270883979161286,53.0568959887868,-2.65843003319854,0.0492760887395066,"LPI18.1",0.134973634373431
"time18 - time22","HCC38","Migration",-0.245730792170018,0.270883979161286,53.0568959887865,-0.907144058245351,0.80109887510382,"LPI18.1",1
"time0 - time12","HCC1143","Control",0.356763982551264,0.960695372838665,53.0604982206404,0.371360154985546,0.982331860003507,"LPS16.0",1
"time0 - time18","HCC1143","Control",0.382976341827041,1.02220103035379,56.0318270390644,0.374658536290548,0.981884813031033,"LPS16.0",1
"time0 - time22","HCC1143","Control",0.232906261916503,0.960695372838666,53.0604982206399,0.242435082442742,0.994929260792741,"LPS16.0",1
"time12 - time18","HCC1143","Control",0.0262123592757778,1.02220103035379,56.0318270390646,0.0256430569891966,0.999993864546803,"LPS16.0",1
"time12 - time22","HCC1143","Control",-0.123857720634761,0.960695372838669,53.0604982206404,-0.128925072542803,0.999224606202645,"LPS16.0",1
"time18 - time22","HCC1143","Control",-0.150070079910539,1.02220103035379,56.0318270390646,-0.146810730428043,0.998858096591346,"LPS16.0",1
"time0 - time12","HCC38","Control",-0.180963638574722,0.960695372838668,53.060498220641,-0.188367346914568,0.997599562736465,"LPS16.0",1
"time0 - time18","HCC38","Control",-0.275389055979217,0.960695372838669,53.0604982206408,-0.286655961676484,0.991694402303606,"LPS16.0",1
"time0 - time22","HCC38","Control",-0.354495042236649,0.960695372838668,53.060498220641,-0.368998386230575,0.982654972418759,"LPS16.0",1
"time12 - time18","HCC38","Control",-0.0944254174044949,0.960695372838669,53.0604982206406,-0.0982886147619158,0.999655478780791,"LPS16.0",1
"time12 - time22","HCC38","Control",-0.173531403661927,0.960695372838668,53.0604982206406,-0.180631039316006,0.997880955232211,"LPS16.0",1
"time18 - time22","HCC38","Control",-0.0791059862574318,0.960695372838669,53.0604982206408,-0.0823424245540904,0.999797197880553,"LPS16.0",1
"time0 - time12","HCC1143","Migration",-1.27031765296858,0.876990877657624,53.060498220641,-1.44849585706239,0.47544080257595,"LPS16.0",1
"time0 - time18","HCC1143","Migration",-0.0128302955232225,0.876990877657624,53.060498220641,-0.0146299076194398,0.999998859603889,"LPS16.0",1
"time0 - time22","HCC1143","Migration",-1.48601758706628,0.876990877657624,53.0604982206406,-1.69445044974165,0.336730793835499,"LPS16.0",1
"time12 - time18","HCC1143","Migration",1.25748735744535,0.876990877657624,53.0604982206408,1.43386594944295,0.484291614446564,"LPS16.0",1
"time12 - time22","HCC1143","Migration",-0.215699934097706,0.876990877657624,53.0604982206406,-0.245954592679258,0.994708781222537,"LPS16.0",1
"time18 - time22","HCC1143","Migration",-1.47318729154306,0.876990877657625,53.0604982206408,-1.67982054212221,0.344333823153284,"LPS16.0",1
"time0 - time12","HCC38","Migration",-0.0871160591678032,0.876990877657624,53.060498220641,-0.0993351942274288,0.999644384882407,"LPS16.0",1
"time0 - time18","HCC38","Migration",-0.361747874854358,0.876990877657625,53.0604982206406,-0.412487614261803,0.976090116414617,"LPS16.0",1
"time0 - time22","HCC38","Migration",-0.221576408888681,0.876990877657625,53.0604982206408,-0.252655317784485,0.994271973772369,"LPS16.0",1
"time12 - time18","HCC38","Migration",-0.274631815686555,0.876990877657624,53.060498220641,-0.313152420034375,0.989239170601683,"LPS16.0",1
"time12 - time22","HCC38","Migration",-0.134460349720878,0.876990877657623,53.060498220641,-0.153320123557056,0.998699455182073,"LPS16.0",1
"time18 - time22","HCC38","Migration",0.140171465965677,0.876990877657625,53.0604982206404,0.159832296477318,0.998527784318063,"LPS16.0",1
"time0 - time12","HCC1143","Control",-0.263971947815019,0.201359210476121,53.0366563245171,-1.31095045114076,0.560171143331527,"LPS18.0",1
"time0 - time18","HCC1143","Control",-0.216435256347871,0.215044294210878,55.5019011910646,-1.00646825874687,0.746299191344402,"LPS18.0",1
"time0 - time22","HCC1143","Control",-0.245748742294396,0.201359210476121,53.0366563245171,-1.22044947292609,0.616797417625317,"LPS18.0",1
"time12 - time18","HCC1143","Control",0.0475366914671476,0.215044294210878,55.501901191064,0.221055348813542,0.996143088320223,"LPS18.0",1
"time12 - time22","HCC1143","Control",0.0182232055206228,0.201359210476121,53.0366563245168,0.0905009782146708,0.999730895129052,"LPS18.0",1
"time18 - time22","HCC1143","Control",-0.0293134859465248,0.215044294210878,55.5019011910642,-0.136313711805714,0.999084757537073,"LPS18.0",1
"time0 - time12","HCC38","Control",0.385806881490603,0.201359210476121,53.0366563245166,1.91601308218456,0.233750296982273,"LPS18.0",0.540413530637916
"time0 - time18","HCC38","Control",0.18731580003141,0.201359210476121,53.0366563245166,0.930256925364847,0.788786940805543,"LPS18.0",1
"time0 - time22","HCC38","Control",0.529616134855532,0.201359210476122,53.0366563245164,2.63020565884835,0.0527275627770498,"LPS18.0",0.156321715527254
"time12 - time18","HCC38","Control",-0.198491081459193,0.201359210476122,53.0366563245168,-0.985756156819711,0.758129408851031,"LPS18.0",1
"time12 - time22","HCC38","Control",0.143809253364929,0.201359210476121,53.0366563245168,0.714192576663797,0.891029708053293,"LPS18.0",1
"time18 - time22","HCC38","Control",0.342300334824122,0.201359210476121,53.0366563245168,1.69994873348351,0.333902111666368,"LPS18.0",0.695399439172932
"time0 - time12","HCC1143","Migration",0.0545434238427588,0.183814969565337,53.036656324517,0.296730043106589,0.990808796835547,"LPS18.0",1
"time0 - time18","HCC1143","Migration",0.162394500230059,0.183814969565337,53.0366563245168,0.883467220401415,0.813407356167596,"LPS18.0",1
"time0 - time22","HCC1143","Migration",-0.0680657374490067,0.183814969565337,53.0366563245168,-0.370294854711562,0.98247798124012,"LPS18.0",1
"time12 - time18","HCC1143","Migration",0.1078510763873,0.183814969565337,53.0366563245168,0.586737177294826,0.935657535879604,"LPS18.0",1
"time12 - time22","HCC1143","Migration",-0.122609161291765,0.183814969565337,53.0366563245168,-0.667024897818151,0.909016897879627,"LPS18.0",1
"time18 - time22","HCC1143","Migration",-0.230460237679066,0.183814969565337,53.0366563245164,-1.25376207511298,0.595959844541899,"LPS18.0",1
"time0 - time12","HCC38","Migration",0.596304391776971,0.183814969565337,53.0366563245171,3.24404695214453,0.0106728318361377,"LPS18.0",0.0358607149694225
"time0 - time18","HCC38","Migration",0.609992387983897,0.183814969565337,53.0366563245168,3.31851311906931,0.00864881685273911,"LPS18.0",0.0302708589845869
"time0 - time22","HCC38","Migration",0.654640107172456,0.183814969565337,53.0366563245166,3.56140802199336,0.00426281930597838,"LPS18.0",0.0155685574653124
"time12 - time18","HCC38","Migration",0.0136879962069264,0.183814969565337,53.0366563245171,0.0744661669247834,0.999849930102266,"LPS18.0",1
"time12 - time22","HCC38","Migration",0.058335715395485,0.183814969565337,53.0366563245171,0.317361069848827,0.988811040776902,"LPS18.0",1
"time18 - time22","HCC38","Migration",0.0446477191885586,0.183814969565337,53.0366563245168,0.242894902924043,0.99490077280228,"LPS18.0",1
"time0 - time12","HCC1143","Control",0.089718977578003,0.174240855742525,53.0299877151876,0.514913549957426,0.955170291150361,"LPS18.1",1
"time0 - time18","HCC1143","Control",-0.0625685941137052,0.186305794243039,55.3056082849475,-0.335838154513237,0.986809532412446,"LPS18.1",1
"time0 - time22","HCC1143","Control",-0.159593648423553,0.174240855742524,53.0299877151871,-0.915937009970753,0.796448634787203,"LPS18.1",1
"time12 - time18","HCC1143","Control",-0.152287571691708,0.186305794243039,55.3056082849459,-0.817406524099011,0.845991451941233,"LPS18.1",1
"time12 - time22","HCC1143","Control",-0.249312626001556,0.174240855742524,53.0299877151856,-1.43085055992818,0.48612539253023,"LPS18.1",1
"time18 - time22","HCC1143","Control",-0.097025054309848,0.186305794243039,55.3056082849457,-0.520783879557053,0.953744103401859,"LPS18.1",1
"time0 - time12","HCC38","Control",1.78216859229144,0.174240855742524,53.0299877151851,10.2281900803159,0,"LPS18.1",0
"time0 - time18","HCC38","Control",1.60454742602799,0.174240855742524,53.0299877151853,9.20878986268883,6.3155036755802e-12,"LPS18.1",7.95753463123106e-11
"time0 - time22","HCC38","Control",1.97166622539965,0.174240855742524,53.0299877151853,11.3157515038446,0,"LPS18.1",0
"time12 - time18","HCC38","Control",-0.177621166263457,0.174240855742524,53.0299877151851,-1.01940021762708,0.738874476713931,"LPS18.1",1
"time12 - time22","HCC38","Control",0.189497633108204,0.174240855742524,53.0299877151853,1.08756142352873,0.698591094343125,"LPS18.1",1
"time18 - time22","HCC38","Control",0.367118799371661,0.174240855742524,53.0299877151853,2.10696164115581,0.164147109650517,"LPS18.1",0.404347360833798
"time0 - time12","HCC1143","Migration",-0.101874282974117,0.159059411881973,53.0299877151851,-0.64047943952987,0.918385788398393,"LPS18.1",1
"time0 - time18","HCC1143","Migration",-0.20911543791109,0.159059411881974,53.0299877151853,-1.31470018301249,0.557829617515304,"LPS18.1",1
"time0 - time22","HCC1143","Migration",-0.253801332506669,0.159059411881974,53.0299877151853,-1.59563856991371,0.389827447563996,"LPS18.1",1
"time12 - time18","HCC1143","Migration",-0.107241154936972,0.159059411881974,53.0299877151853,-0.67422074348262,0.906382808539666,"LPS18.1",1
"time12 - time22","HCC1143","Migration",-0.151927049532551,0.159059411881974,53.0299877151853,-0.955159130383843,0.775213427299076,"LPS18.1",1
"time18 - time22","HCC1143","Migration",-0.044685894595579,0.159059411881974,53.0299877151853,-0.280938386901223,0.992171508851075,"LPS18.1",1
"time0 - time12","HCC38","Migration",1.36157784267807,0.159059411881974,53.0299877151853,8.56018406309965,8.38222824484092e-11,"LPS18.1",9.18400659869527e-10
"time0 - time18","HCC38","Migration",1.82667270116646,0.159059411881974,53.0299877151853,11.4842163664097,0,"LPS18.1",0
"time0 - time22","HCC38","Migration",1.82580832297834,0.159059411881974,53.0299877151853,11.4787820561863,0,"LPS18.1",0
"time12 - time18","HCC38","Migration",0.465094858488386,0.159059411881974,53.0299877151853,2.92403230331003,0.0253429622093757,"LPS18.1",0.0808408414780086
"time12 - time22","HCC38","Migration",0.464230480300266,0.159059411881974,53.0299877151853,2.91859799308662,0.0257030205002426,"LPS18.1",0.0809645145757643
"time18 - time22","HCC38","Migration",-0.000864378188120046,0.159059411881974,53.0299877151851,-0.0054343102234116,0.999999941547991,"LPS18.1",1
"time0 - time12","HCC1143","Control",0.256023264059164,0.0756125533335903,53.0319563747515,3.38598887052036,0.00712901642193242,"Sphingosine1P16.1",0.0338964554401315
"time0 - time18","HCC1143","Control",0.294158084681057,0.0808187780445812,55.3666259259673,3.63972447738314,0.00327795433482114,"Sphingosine1P16.1",0.0168580508647945
"time0 - time22","HCC1143","Control",0.574579368791296,0.0756125533335902,53.0319563747513,7.59899439258909,2.91528623463932e-09,"Sphingosine1P16.1",4.32148312428888e-08
"time12 - time18","HCC1143","Control",0.0381348206218931,0.0808187780445812,55.3666259259675,0.47185594170772,0.964944966865851,"Sphingosine1P16.1",1
"time12 - time22","HCC1143","Control",0.318556104732132,0.0756125533335903,53.0319563747513,4.21300552206873,0.000555175728118806,"Sphingosine1P16.1",0.00310898407746532
"time18 - time22","HCC1143","Control",0.280421284110239,0.0808187780445812,55.3666259259673,3.46975407071304,0.00545765338022197,"Sphingosine1P16.1",0.0275065730363187
"time0 - time12","HCC38","Control",0.345929195742954,0.0756125533335903,53.0319563747518,4.57502333265708,0.000166533207008324,"Sphingosine1P16.1",0.000723558071829268
"time0 - time18","HCC38","Control",0.256223993854168,0.0756125533335903,53.0319563747518,3.3886435857251,0.00707463720272183,"Sphingosine1P16.1",0.0274278242320908
"time0 - time22","HCC38","Control",0.485228778915601,0.0756125533335903,53.031956374752,6.41730450200313,2.3066906573721e-07,"Sphingosine1P16.1",1.41777084306773e-06
"time12 - time18","HCC38","Control",-0.0897052018887853,0.0756125533335903,53.031956374752,-1.18637974693197,0.63802960431161,"Sphingosine1P16.1",1
"time12 - time22","HCC38","Control",0.139299583172648,0.0756125533335903,53.031956374752,1.84228116934605,0.265405634240941,"Sphingosine1P16.1",0.589841647828315
"time18 - time22","HCC38","Control",0.229004785061433,0.0756125533335904,53.0319563747518,3.02866091627803,0.0192401671864189,"Sphingosine1P16.1",0.0664181113832541
"time0 - time12","HCC1143","Migration",0.376694412848738,0.0690245018189498,53.0319563747518,5.45740139982178,7.62433040590871e-06,"Sphingosine1P16.1",5.78939695074531e-05
"time0 - time18","HCC1143","Migration",0.456209583852872,0.0690245018189498,53.031956374752,6.60938611407153,1.13532745427136e-07,"Sphingosine1P16.1",1.19209382698493e-06
"time0 - time22","HCC1143","Migration",0.737297289960318,0.0690245018189498,53.0319563747522,10.6816749202224,0,"Sphingosine1P16.1",0
"time12 - time18","HCC1143","Migration",0.0795151710041343,0.0690245018189498,53.0319563747518,1.15198471424975,0.659321052593244,"Sphingosine1P16.1",1
"time12 - time22","HCC1143","Migration",0.36060287711158,0.0690245018189498,53.031956374752,5.22427352040056,1.75047260260186e-05,"Sphingosine1P16.1",0.000119221377258289
"time18 - time22","HCC1143","Migration",0.281087706107446,0.0690245018189499,53.031956374752,4.07228880615081,0.000875482837945585,"Sphingosine1P16.1",0.00490335774525112
"time0 - time12","HCC38","Migration",0.257110260092666,0.0690245018189498,53.031956374752,3.72491294130688,0.00260245740577225,"Sphingosine1P16.1",0.00993665554931223
"time0 - time18","HCC38","Migration",0.400741049139725,0.0690245018189499,53.031956374752,5.80577966634025,2.16710153233546e-06,"Sphingosine1P16.1",1.13772830447612e-05
"time0 - time22","HCC38","Migration",0.441499307829787,0.0690245018189499,53.031956374752,6.39626938543986,2.49262438689613e-07,"Sphingosine1P16.1",1.57035336374456e-06
"time12 - time18","HCC38","Migration",0.143630789047058,0.0690245018189499,53.0319563747517,2.08086672503337,0.172623180344303,"Sphingosine1P16.1",0.410790315171715
"time12 - time22","HCC38","Migration",0.184389047737121,0.0690245018189498,53.0319563747522,2.67135644413299,0.0477684231537369,"Sphingosine1P16.1",0.134447371245791
"time18 - time22","HCC38","Migration",0.0407582586900623,0.0690245018189499,53.0319563747515,0.590489719099611,0.934525738665366,"Sphingosine1P16.1",1
"time0 - time12","HCC1143","Control",-0.480432287278573,0.509980428615402,53.0455740323959,-0.942060244513593,0.782391829069623,"cLPA18.0",1
"time0 - time18","HCC1143","Control",-0.561293680174132,0.5438398948242,55.7259818954421,-1.03209360974809,0.731449537539625,"cLPA18.0",1
"time0 - time22","HCC1143","Control",-0.654285015092387,0.509980428615401,53.0455740323957,-1.28296102826686,0.577676406948674,"cLPA18.0",1
"time12 - time18","HCC1143","Control",-0.0808613928955596,0.543839894824199,55.7259818954419,-0.148686026282972,0.998813953620354,"cLPA18.0",1
"time12 - time22","HCC1143","Control",-0.173852727813815,0.509980428615401,53.0455740323957,-0.340900783753262,0.986216006714699,"cLPA18.0",1
"time18 - time22","HCC1143","Control",-0.0929913349182551,0.543839894824199,55.7259818954417,-0.170990278211045,0.998201191585626,"cLPA18.0",1
"time0 - time12","HCC38","Control",1.57261256508826,0.509980428615401,53.0455740323957,3.08367238593433,0.0165962084136935,"cLPA18.0",0.0580867294479271
"time0 - time18","HCC38","Control",1.62361930786592,0.509980428615401,53.0455740323959,3.18368944524804,0.0126247400032057,"cLPA18.0",0.0448089363494061
"time0 - time22","HCC38","Control",4.00579066102906,0.509980428615401,53.0455740323961,7.85479292196525,1.13169784654588e-09,"cLPA18.0",9.19960830095357e-09
"time12 - time18","HCC38","Control",0.0510067427776578,0.5099804286154,53.0455740323957,0.10001705931371,0.999637029510727,"cLPA18.0",1
"time12 - time22","HCC38","Control",2.43317809594079,0.5099804286154,53.0455740323957,4.77112053603093,8.52484185925872e-05,"cLPA18.0",0.000397825953432074
"time18 - time22","HCC38","Control",2.38217135316314,0.509980428615401,53.0455740323957,4.67110347671722,0.000120094334363885,"cLPA18.0",0.000530943372977176
"time0 - time12","HCC1143","Migration",-0.71946956183858,0.465546307731347,53.0455740323957,-1.54543071202654,0.418255508131867,"cLPA18.0",1
"time0 - time18","HCC1143","Migration",-0.717822948415296,0.465546307731347,53.0455740323957,-1.54189376329353,0.420291638302842,"cLPA18.0",1
"time0 - time22","HCC1143","Migration",-0.497626088284687,0.465546307731347,53.0455740323959,-1.06890781866506,0.709764580244433,"cLPA18.0",1
"time12 - time18","HCC1143","Migration",0.00164661342328376,0.465546307731347,53.0455740323957,0.00353694873300117,0.999999983884135,"cLPA18.0",1
"time12 - time22","HCC1143","Migration",0.221843473553893,0.465546307731347,53.0455740323957,0.476522893361475,0.963942205269791,"cLPA18.0",1
"time18 - time22","HCC1143","Migration",0.220196860130609,0.465546307731347,53.0455740323959,0.472985944628474,0.964693292226292,"cLPA18.0",1
"time0 - time12","HCC38","Migration",1.26563241840686,0.465546307731346,53.0455740323961,2.7185961898708,0.0425773347287305,"cLPA18.0",0.124761492460931
"time0 - time18","HCC38","Migration",2.27521711496826,0.465546307731346,53.0455740323959,4.88719828120993,5.70830221673368e-05,"cLPA18.0",0.000266387436780905
"time0 - time22","HCC38","Migration",2.59063223525267,0.465546307731347,53.0455740323959,5.56471438443381,5.18118703163317e-06,"cLPA18.0",2.61131826394312e-05
"time12 - time18","HCC38","Migration",1.00958469656141,0.465546307731346,53.0455740323961,2.16860209133913,0.145372820096936,"cLPA18.0",0.355669423926485
"time12 - time22","HCC38","Migration",1.32499981684582,0.465546307731346,53.0455740323961,2.84611819456302,0.0309613225026104,"cLPA18.0",0.0963241144525657
"time18 - time22","HCC38","Migration",0.31541512028441,0.465546307731347,53.0455740323959,0.677516103223887,0.905163350355123,"cLPA18.0",1
"time0 - time12","HCC1143","Control",-0.727432996302663,0.256308361931394,53.0604982206419,-2.83811652035517,0.0315949455194865,"cLPA18.1",0.117087151042803
"time0 - time18","HCC1143","Control",-0.545987038644375,0.272717740776047,56.0318270390661,-2.00202244669053,0.199524260259169,"cLPA18.1",0.613172116894032
"time0 - time22","HCC1143","Control",-0.731257363393611,0.256308361931394,53.0604982206419,-2.85303748142773,0.030418260147147,"cLPA18.1",0.114766318997786
"time12 - time18","HCC1143","Control",0.181445957658288,0.272717740776048,56.0318270390646,0.665325098183798,0.909659413106015,"cLPA18.1",1
"time12 - time22","HCC1143","Control",-0.00382436709094813,0.256308361931394,53.0604982206404,-0.0149209610725529,0.999998790182427,"cLPA18.1",1
"time18 - time22","HCC1143","Control",-0.185270324749236,0.272717740776048,56.0318270390646,-0.679348267633888,0.904507612729712,"cLPA18.1",1
"time0 - time12","HCC38","Control",1.90521053087598,0.256308361931394,53.0604982206406,7.43327496816488,5.36440880605227e-09,"cLPA18.1",4.09645763371264e-08
"time0 - time18","HCC38","Control",2.47767484055865,0.256308361931394,53.0604982206404,9.66677334242355,0,"cLPA18.1",0
"time0 - time22","HCC38","Control",2.77573555728464,0.256308361931394,53.0604982206406,10.8296722602738,0,"cLPA18.1",0
"time12 - time18","HCC38","Control",0.572464309682672,0.256308361931394,53.0604982206404,2.23349837425867,0.127445788761196,"cLPA18.1",0.338066723871803
"time12 - time22","HCC38","Control",0.870525026408665,0.256308361931394,53.0604982206406,3.39639729210894,0.00691609302567309,"cLPA18.1",0.0272321162885878
"time18 - time22","HCC38","Control",0.298060716725993,0.256308361931394,53.0604982206406,1.16289891785027,0.652583108449999,"cLPA18.1",1
"time0 - time12","HCC1143","Migration",-0.823554157784373,0.233976452511705,53.0604982206406,-3.51981641290665,0.00482138600899651,"cLPA18.1",0.0247956994748392
"time0 - time18","HCC1143","Migration",-0.709693193363624,0.233976452511705,53.0604982206406,-3.03318212471881,0.0190058755224504,"cLPA18.1",0.0825772522699568
"time0 - time22","HCC1143","Migration",-0.626335897623815,0.233976452511705,53.0604982206406,-2.67691851423588,0.0471247812789033,"cLPA18.1",0.194679424299732
"time12 - time18","HCC1143","Migration",0.113860964420749,0.233976452511705,53.0604982206406,0.486634288187836,0.961742331231342,"cLPA18.1",1
"time12 - time22","HCC1143","Migration",0.197218260160558,0.233976452511705,53.0604982206406,0.842897898670772,0.833733063918675,"cLPA18.1",1
"time18 - time22","HCC1143","Migration",0.0833572957398093,0.233976452511705,53.0604982206406,0.356263610482936,0.984333068544787,"cLPA18.1",1
"time0 - time12","HCC38","Migration",1.87237387765301,0.233976452511705,53.0604982206404,8.00240305190261,6.55363430190903e-10,"cLPA18.1",6.11672534844843e-09
"time0 - time18","HCC38","Migration",2.34492557591699,0.233976452511705,53.0604982206406,10.0220579923515,0,"cLPA18.1",0
"time0 - time22","HCC38","Migration",2.85651173519115,0.233976452511705,53.0604982206406,12.2085436569658,0,"cLPA18.1",0
"time12 - time18","HCC38","Migration",0.472551698263972,0.233976452511705,53.0604982206406,2.0196549404489,0.193770901001341,"cLPA18.1",0.447984101397596
"time12 - time22","HCC38","Migration",0.984137857538134,0.233976452511705,53.0604982206404,4.20614060506324,0.000567420304171562,"cLPA18.1",0.00238316527752056
"time18 - time22","HCC38","Migration",0.511586159274162,0.233976452511705,53.0604982206406,2.18648566461434,0.140245378930227,"cLPA18.1",0.346488583239385
